run_dir,family,timestamp,experiment_name,status,result_block,dataset_name,dataset_label_raw,dataset_path,text_field,dataset_source,train_tokens,val_tokens,test_tokens,max_lines,max_seq_len,split_seed,tinystories_val_frac,student_type,init_mode,seed,epochs,batch_size,learning_rate,weight_decay,warmup_ratio,model_dim,num_layers,num_heads,reduced_dim,window_sizes,late_k,kd_loss_mode,distill_alpha,kd_lambda,kd_chunk_tokens,temperature,num_params,best_epoch,best_val_ppl,test_ppl,teacher_test_ppl,teacher_run_dir,student_init_run_dir,replicate_key,control_key,config_path,summary_path
outputs/experiments/20260317_114514_wt2_baseline_both,experiments,20260317_114514,wt2_baseline_both,complete,grassmann,wikitext2,unknown,,,,2391884,247289,283287,,256,,,,,42,20,32,0.0003,,,256,6,,32,"1,2,4,8,12,16",,,,,,,17695168,18,238.2569122314453,244.4111328125,,,,b7140e0b99d6,12e7b41d1877,outputs/experiments/20260317_114514_wt2_baseline_both/config.json,outputs/experiments/20260317_114514_wt2_baseline_both/summary.json
outputs/experiments/20260317_114514_wt2_baseline_both,experiments,20260317_114514,wt2_baseline_both,complete,transformer,wikitext2,unknown,,,,2391884,247289,283287,,256,,,,,42,20,32,0.0003,,,256,6,,32,"1,2,4,8,12,16",,,,,,,17670400,12,188.393798828125,197.64515686035156,,,,084eafc282dc,1d1c4d1b7023,outputs/experiments/20260317_114514_wt2_baseline_both/config.json,outputs/experiments/20260317_114514_wt2_baseline_both/summary.json
outputs/experiments/20260317_123221_wt2_ablation_rd16,experiments,20260317_123221,wt2_ablation_rd16,complete,grassmann,wikitext2,unknown,,,,2391884,247289,283287,,256,,,,,42,20,32,0.0003,,,256,6,,16,"1,2,4,8,12,16",,,,,,,17092960,17,244.24476623535156,250.55758666992188,,,,a467389495e5,6653dbf6e52c,outputs/experiments/20260317_123221_wt2_ablation_rd16/config.json,outputs/experiments/20260317_123221_wt2_ablation_rd16/summary.json
outputs/experiments/20260317_124114_wt2_ablation_ws1248,experiments,20260317_124114,wt2_ablation_ws1248,complete,grassmann,wikitext2,unknown,,,,2391884,247289,283287,,256,,,,,42,20,32,0.0003,,,256,6,,32,"1,2,4,8",,,,,,,17695168,15,223.2221221923828,230.09774780273438,,,,ee91758e3b18,26df9806326f,outputs/experiments/20260317_124114_wt2_ablation_ws1248/config.json,outputs/experiments/20260317_124114_wt2_ablation_ws1248/summary.json
outputs/experiments/20260317_130244_wt2_ws1248_seed1,experiments,20260317_130244,wt2_ws1248_seed1,complete,grassmann,wikitext2,unknown,,,,2391884,247289,283287,,256,,,,,1,20,32,0.0003,,,256,6,,32,"1,2,4,8",,,,,,,17695168,15,221.97779846191406,227.5826873779297,,,,ee91758e3b18,26df9806326f,outputs/experiments/20260317_130244_wt2_ws1248_seed1/config.json,outputs/experiments/20260317_130244_wt2_ws1248_seed1/summary.json
outputs/experiments/20260317_153632_wt2_ws1248_seed2,experiments,20260317_153632,wt2_ws1248_seed2,complete,grassmann,wikitext2,unknown,,,,2391884,247289,283287,,256,,,,,2,20,32,0.0003,,,256,6,,32,"1,2,4,8",,,,,,,17695168,15,221.7652587890625,229.19227600097656,,,,ee91758e3b18,26df9806326f,outputs/experiments/20260317_153632_wt2_ws1248_seed2/config.json,outputs/experiments/20260317_153632_wt2_ws1248_seed2/summary.json
outputs/experiments/20260317_154710_wt2_ws124,experiments,20260317_154710,wt2_ws124,complete,grassmann,wikitext2,unknown,,,,2391884,247289,283287,,256,,,,,42,20,32,0.0003,,,256,6,,32,"1,2,4",,,,,,,17695168,15,218.05577087402344,226.0941162109375,,,,fad4a6b9a93e,8d493081850d,outputs/experiments/20260317_154710_wt2_ws124/config.json,outputs/experiments/20260317_154710_wt2_ws124/summary.json
outputs/experiments/20260317_155606_wt2_ws124812,experiments,20260317_155606,wt2_ws124812,complete,grassmann,wikitext2,unknown,,,,2391884,247289,283287,,256,,,,,42,20,32,0.0003,,,256,6,,32,"1,2,4,8,12",,,,,,,17695168,18,231.16482543945312,237.6790008544922,,,,e76ac577be8e,b433d60d52ea,outputs/experiments/20260317_155606_wt2_ws124812/config.json,outputs/experiments/20260317_155606_wt2_ws124812/summary.json
outputs/experiments/20260317_160811_wt2_ws1248_rd64,experiments,20260317_160811,wt2_ws1248_rd64,complete,grassmann,wikitext2,unknown,,,,2391884,247289,283287,,256,,,,,42,20,32,0.0003,,,256,6,,64,"1,2,4,8",,,,,,,20079232,15,214.3985137939453,220.28912353515625,,,,76cd1959d1dd,dce9c90182e0,outputs/experiments/20260317_160811_wt2_ws1248_rd64/config.json,outputs/experiments/20260317_160811_wt2_ws1248_rd64/summary.json
outputs/experiments/20260317_163524_wt2_ws1248_rd16,experiments,20260317_163524,wt2_ws1248_rd16,complete,grassmann,wikitext2,unknown,,,,2391884,247289,283287,,256,,,,,42,20,32,0.0003,,,256,6,,16,"1,2,4,8",,,,,,,17092960,15,230.79222106933594,237.47451782226562,,,,a72a0787e09d,92945979f8ea,outputs/experiments/20260317_163524_wt2_ws1248_rd16/config.json,outputs/experiments/20260317_163524_wt2_ws1248_rd16/summary.json
outputs/experiments/20260317_165317_wt2_ws124_rd64,experiments,20260317_165317,wt2_ws124_rd64,complete,grassmann,wikitext2,unknown,,,,2391884,247289,283287,,256,,,,,42,20,32,0.0003,,,256,6,,64,"1,2,4",,,,,,,20079232,14,210.1820068359375,216.45419311523438,,,,7f030f640a25,e3b1d0a806c2,outputs/experiments/20260317_165317_wt2_ws124_rd64/config.json,outputs/experiments/20260317_165317_wt2_ws124_rd64/summary.json
outputs/experiments/20260317_174627_wt2_ws124_seed1,experiments,20260317_174627,wt2_ws124_seed1,complete,grassmann,wikitext2,unknown,,,,2391884,247289,283287,,256,,,,,1,20,32,0.0003,,,256,6,,32,"1,2,4",,,,,,,17695168,15,217.4438934326172,223.65843200683594,,,,fad4a6b9a93e,8d493081850d,outputs/experiments/20260317_174627_wt2_ws124_seed1/config.json,outputs/experiments/20260317_174627_wt2_ws124_seed1/summary.json
outputs/experiments/20260317_182950_wt2_ws124_seed2,experiments,20260317_182950,wt2_ws124_seed2,complete,grassmann,wikitext2,unknown,,,,2391884,247289,283287,,256,,,,,2,20,32,0.0003,,,256,6,,32,"1,2,4",,,,,,,17695168,15,216.67527770996094,225.81097412109375,,,,fad4a6b9a93e,8d493081850d,outputs/experiments/20260317_182950_wt2_ws124_seed2/config.json,outputs/experiments/20260317_182950_wt2_ws124_seed2/summary.json
outputs/experiments/20260317_195926_wt2_ws124_rd64_md240,experiments,20260317_195926,wt2_ws124_rd64_md240,complete,grassmann,wikitext2,unknown,,,,2391884,247289,283287,,256,,,,,42,20,32,0.0003,,,240,6,,64,"1,2,4",,,,,,,18593904,15,210.3400115966797,218.2375946044922,,,,2878f5867891,c74a05f0def0,outputs/experiments/20260317_195926_wt2_ws124_rd64_md240/config.json,outputs/experiments/20260317_195926_wt2_ws124_rd64_md240/summary.json
outputs/experiments/20260318_094720_ptb_baseline_both,experiments,20260318_094720,ptb_baseline_both,complete,grassmann,ptb,ptb,/root/songxin/datasets/ptb_text_only_saved,sentence,disk,1136384,89600,101632,,256,,,,,42,20,32,0.0003,,,256,6,,32,"1,2,4,8,12,16",,,,,,,17695168,20,73.73031616210938,63.60913848876953,,,,13c0ac2b4891,3511d1e84cb8,outputs/experiments/20260318_094720_ptb_baseline_both/config.json,outputs/experiments/20260318_094720_ptb_baseline_both/summary.json
outputs/experiments/20260318_094720_ptb_baseline_both,experiments,20260318_094720,ptb_baseline_both,complete,transformer,ptb,ptb,/root/songxin/datasets/ptb_text_only_saved,sentence,disk,1136384,89600,101632,,256,,,,,42,20,32,0.0003,,,256,6,,32,"1,2,4,8,12,16",,,,,,,17670400,20,66.28954315185547,57.1652717590332,,,,d9eca7da89af,7c18cdb93f7d,outputs/experiments/20260318_094720_ptb_baseline_both/config.json,outputs/experiments/20260318_094720_ptb_baseline_both/summary.json
outputs/experiments/20260318_102137_ptb_ws124_rd64_md240,experiments,20260318_102137,ptb_ws124_rd64_md240,complete,grassmann,ptb,ptb,/root/songxin/datasets/ptb_text_only_saved,sentence,disk,1136384,89600,101632,,256,,,,,42,20,32,0.0003,,,240,6,,64,"1,2,4",,,,,,,18593904,20,64.45420837402344,55.67412567138672,,,,458c32a7e5e9,cb8b6faa1bd4,outputs/experiments/20260318_102137_ptb_ws124_rd64_md240/config.json,outputs/experiments/20260318_102137_ptb_ws124_rd64_md240/summary.json
outputs/experiments/20260318_124011_ptb_ws124_rd64_md240_seed1,experiments,20260318_124011,ptb_ws124_rd64_md240_seed1,complete,grassmann,ptb,ptb,/root/songxin/datasets/ptb_text_only_saved,sentence,disk,1136384,89600,101632,,256,,,,,1,20,32,0.0003,,,240,6,,64,"1,2,4",,,,,,,18593904,20,64.47760772705078,55.77594757080078,,,,458c32a7e5e9,cb8b6faa1bd4,outputs/experiments/20260318_124011_ptb_ws124_rd64_md240_seed1/config.json,outputs/experiments/20260318_124011_ptb_ws124_rd64_md240_seed1/summary.json
outputs/experiments/20260318_125411_ptb_ws124_rd64_md240_seed2,experiments,20260318_125411,ptb_ws124_rd64_md240_seed2,complete,grassmann,ptb,ptb,/root/songxin/datasets/ptb_text_only_saved,sentence,disk,1136384,89600,101632,,256,,,,,2,20,32,0.0003,,,240,6,,64,"1,2,4",,,,,,,18593904,20,64.29400634765625,55.71922302246094,,,,458c32a7e5e9,cb8b6faa1bd4,outputs/experiments/20260318_125411_ptb_ws124_rd64_md240_seed2/config.json,outputs/experiments/20260318_125411_ptb_ws124_rd64_md240_seed2/summary.json
outputs/experiments/20260318_144738_tinystories_transformer_smoketest_100k,experiments,20260318_144738,tinystories_transformer_smoketest_100k,complete,transformer,tinystories,tinystories,/root/songxin/datasets/tinystories_saved,text,disk,21954934,4765822,4765822,100000,256,,,,,42,5,32,0.0003,,,256,6,,32,"1,2,4,8,12,16",,,,,,,17670400,5,7.33070707321167,7.33070707321167,,,,2a59a2ab6ad8,b54bd6d7d8d3,outputs/experiments/20260318_144738_tinystories_transformer_smoketest_100k/config.json,outputs/experiments/20260318_144738_tinystories_transformer_smoketest_100k/summary.json
outputs/experiments/20260318_150354_tinystories_ws124_rd64_md240_300k,experiments,20260318_150354,tinystories_ws124_rd64_md240_300k,complete,grassmann,tinystories,tinystories,/root/songxin/datasets/tinystories_saved,text,disk,67719140,4765822,4765822,300000,256,,,,,42,5,32,0.0003,,,240,6,,64,"1,2,4",,,,,,,18593904,5,8.423832893371582,8.423832893371582,,,,708a9695be26,482496528c29,outputs/experiments/20260318_150354_tinystories_ws124_rd64_md240_300k/config.json,outputs/experiments/20260318_150354_tinystories_ws124_rd64_md240_300k/summary.json
outputs/experiments/20260318_175935_tinystories_ws124_rd64_md240_100k,experiments,20260318_175935,tinystories_ws124_rd64_md240_100k,complete,grassmann,tinystories,tinystories,/root/songxin/datasets/tinystories_saved,text,disk,21954934,4765822,4765822,100000,256,,,,,42,5,32,0.0003,,,240,6,,64,"1,2,4",,,,,,,18593904,5,10.431233406066895,10.431233406066895,,,,b4a96281f784,3189c5ba2afc,outputs/experiments/20260318_175935_tinystories_ws124_rd64_md240_100k/config.json,outputs/experiments/20260318_175935_tinystories_ws124_rd64_md240_100k/summary.json
outputs/experiments/20260318_191138_tinystories_transformer_300k,experiments,20260318_191138,tinystories_transformer_300k,complete,transformer,tinystories,tinystories,/root/songxin/datasets/tinystories_saved,text,disk,67719140,4765822,4765822,300000,256,,,,,42,5,32,0.0003,,,256,6,,32,"1,2,4,8,12,16",,,,,,,17670400,5,5.801808834075928,5.801808834075928,,,,efbc45b3216c,7e2b1e925b5d,outputs/experiments/20260318_191138_tinystories_transformer_300k/config.json,outputs/experiments/20260318_191138_tinystories_transformer_300k/summary.json
outputs/experiments/20260318_201725_tinystories_transformer_100k_split3,experiments,20260318_201725,tinystories_transformer_100k_split3,complete,transformer,tinystories,tinystories,/root/songxin/datasets/tinystories_saved,text,disk,22363470,9440302,4765822,100000,256,42,0.02,,,42,5,32,0.0003,,,256,6,,32,"1,2,4,8,12,16",,,,,,,17670400,5,7.3283796310424805,7.345460891723633,,,,57f1d6d61277,71f83e61727a,outputs/experiments/20260318_201725_tinystories_transformer_100k_split3/config.json,outputs/experiments/20260318_201725_tinystories_transformer_100k_split3/summary.json
outputs/experiments/20260318_203245_tinystories_ws124_rd64_md240_100k_split3,experiments,20260318_203245,tinystories_ws124_rd64_md240_100k_split3,complete,grassmann,tinystories,tinystories,/root/songxin/datasets/tinystories_saved,text,disk,22363470,9440302,4765822,100000,256,42,0.02,,,42,5,32,0.0003,,,240,6,,64,"1,2,4",,,,,,,18593904,5,10.35704231262207,10.384597778320312,,,,43e9ca7398de,2556ac29c7af,outputs/experiments/20260318_203245_tinystories_ws124_rd64_md240_100k_split3/config.json,outputs/experiments/20260318_203245_tinystories_ws124_rd64_md240_100k_split3/summary.json
outputs/experiments/20260318_214851_tinystories_transformer_300k_split3,experiments,20260318_214851,tinystories_transformer_300k_split3,complete,transformer,tinystories,tinystories,/root/songxin/datasets/tinystories_saved,text,disk,67081279,9440302,4765822,300000,256,42,0.02,,,42,5,32,0.0003,,,256,6,,32,"1,2,4,8,12,16",,,,,,,17670400,5,5.832682132720947,5.849825382232666,,,,359174fc98d9,2231fb590aa7,outputs/experiments/20260318_214851_tinystories_transformer_300k_split3/config.json,outputs/experiments/20260318_214851_tinystories_transformer_300k_split3/summary.json
outputs/experiments/20260318_222329_tinystories_ws124_rd64_md240_300k_split3,experiments,20260318_222329,tinystories_ws124_rd64_md240_300k_split3,complete,grassmann,tinystories,tinystories,/root/songxin/datasets/tinystories_saved,text,disk,67081279,9440302,4765822,300000,256,42,0.02,,,42,5,32,0.0003,,,240,6,,64,"1,2,4",,,,,,,18593904,5,8.418947219848633,8.446769714355469,,,,310bc45af06d,0b3bff1ce1f6,outputs/experiments/20260318_222329_tinystories_ws124_rd64_md240_300k_split3/config.json,outputs/experiments/20260318_222329_tinystories_ws124_rd64_md240_300k_split3/summary.json
outputs/experiments/20260319_010013_tinystories_transformer_300k_e10_split3,experiments,20260319_010013,tinystories_transformer_300k_e10_split3,complete,transformer,tinystories,tinystories,/root/songxin/datasets/tinystories_saved,text,disk,67081279,9440302,4765822,300000,256,42,0.02,,,42,10,32,0.0003,,,256,6,,32,"1,2,4,8,12,16",,,,,,,17670400,10,5.389517307281494,5.40757942199707,,,,7e4148996cb3,6a8b20cb1feb,outputs/experiments/20260319_010013_tinystories_transformer_300k_e10_split3/config.json,outputs/experiments/20260319_010013_tinystories_transformer_300k_e10_split3/summary.json
outputs/experiments/20260319_020425_tinystories_ws124_rd64_md240_300k_e10_split3,experiments,20260319_020425,tinystories_ws124_rd64_md240_300k_e10_split3,complete,grassmann,tinystories,tinystories,/root/songxin/datasets/tinystories_saved,text,disk,67081279,9440302,4765822,300000,256,42,0.02,,,42,10,32,0.0003,,,240,6,,64,"1,2,4",,,,,,,18593904,10,7.850744724273682,7.878955841064453,,,,7f13c77a90be,faad8f1eb0c8,outputs/experiments/20260319_020425_tinystories_ws124_rd64_md240_300k_e10_split3/config.json,outputs/experiments/20260319_020425_tinystories_ws124_rd64_md240_300k_e10_split3/summary.json
outputs/experiments/20260321_090326_tinystories_ws12_rd64_md240_300k_e10_split3,experiments,20260321_090326,tinystories_ws12_rd64_md240_300k_e10_split3,complete,grassmann,tinystories,tinystories,/workspace/grassmannflows/datasets/tinystories_saved,text,disk,67081279,9440302,4765822,300000,256,42,0.02,,,42,10,32,0.0003,,,240,6,,64,"1,2",,,,,,,18593904,10,8.488839149475098,8.517502784729004,,,,7b1039556484,d692103acd25,outputs/experiments/20260321_090326_tinystories_ws12_rd64_md240_300k_e10_split3/config.json,outputs/experiments/20260321_090326_tinystories_ws12_rd64_md240_300k_e10_split3/summary.json
outputs/experiments/20260322_094948_tinystories_ws124_rd64_md240_300k_e20_split3,experiments,20260322_094948,tinystories_ws124_rd64_md240_300k_e20_split3,complete,grassmann,tinystories,tinystories,/workspace/grassmannflows/datasets/tinystories_saved,text,disk,67081279,9440302,4765822,300000,256,42,0.02,,,42,20,32,0.0003,,,240,6,,64,"1,2,4",,,,,,,18593904,20,7.4890666007995605,7.514091491699219,,,,1ee7886d3622,cf80f7f1f07e,outputs/experiments/20260322_094948_tinystories_ws124_rd64_md240_300k_e20_split3/config.json,outputs/experiments/20260322_094948_tinystories_ws124_rd64_md240_300k_e20_split3/summary.json
outputs/experiments/20260322_095111_tinystories_transformer_300k_e20_split3,experiments,20260322_095111,tinystories_transformer_300k_e20_split3,complete,transformer,tinystories,tinystories,/workspace/grassmannflows/datasets/tinystories_saved,text,disk,67081279,9440302,4765822,300000,256,42,0.02,,,42,20,32,0.0003,,,256,6,,32,"1,2,4,8,12,16",,,,,,,17670400,20,5.130181312561035,5.148688793182373,,,,aeebce556c87,2f9211871029,outputs/experiments/20260322_095111_tinystories_transformer_300k_e20_split3/config.json,outputs/experiments/20260322_095111_tinystories_transformer_300k_e20_split3/summary.json
outputs/experiments/20260322_143848_tinystories_ws1248_rd64_md240_300k_e10_split3,experiments,20260322_143848,tinystories_ws1248_rd64_md240_300k_e10_split3,complete,grassmann,tinystories,tinystories,/workspace/grassmannflows/datasets/tinystories_saved,text,disk,67081279,9440302,4765822,300000,256,42,0.02,,,42,10,16,0.0003,,,240,6,,64,"1,2,4,8",,,,,,,18593904,10,7.410693168640137,7.429958820343018,,,,57b513c917de,81b5d3b9e5c8,outputs/experiments/20260322_143848_tinystories_ws1248_rd64_md240_300k_e10_split3/config.json,outputs/experiments/20260322_143848_tinystories_ws1248_rd64_md240_300k_e10_split3/summary.json
outputs/experiments/20260323_041105_tinystories_ws124_rd64_md240_300k_e20_bs16_split3,experiments,20260323_041105,tinystories_ws124_rd64_md240_300k_e20_bs16_split3,complete,grassmann,tinystories,tinystories,/workspace/grassmannflows/datasets/tinystories_saved,text,disk,67081279,9440302,4765822,300000,256,42,0.02,,,42,20,16,0.0003,,,240,6,,64,"1,2,4",,,,,,,18593904,20,7.400383472442627,7.42857551574707,,,,390eb2db8a6c,8f71569d5f6b,outputs/experiments/20260323_041105_tinystories_ws124_rd64_md240_300k_e20_bs16_split3/config.json,outputs/experiments/20260323_041105_tinystories_ws124_rd64_md240_300k_e20_bs16_split3/summary.json
outputs/experiments/20260323_041117_tinystories_ws1248_rd64_md240_300k_e20_bs32_split3,experiments,20260323_041117,tinystories_ws1248_rd64_md240_300k_e20_bs32_split3,complete,grassmann,tinystories,tinystories,/workspace/grassmannflows/datasets/tinystories_saved,text,disk,67081279,9440302,4765822,300000,256,42,0.02,,,42,20,32,0.0003,,,240,6,,64,"1,2,4,8",,,,,,,18593904,20,7.155858516693115,7.175059795379639,,,,74eb412a7dbe,f7747f497819,outputs/experiments/20260323_041117_tinystories_ws1248_rd64_md240_300k_e20_bs32_split3/config.json,outputs/experiments/20260323_041117_tinystories_ws1248_rd64_md240_300k_e20_bs32_split3/summary.json
outputs/experiments/20260323_041127_tinystories_ws1248_rd64_md240_300k_e20_bs16_split3,experiments,20260323_041127,tinystories_ws1248_rd64_md240_300k_e20_bs16_split3,complete,grassmann,tinystories,tinystories,/workspace/grassmannflows/datasets/tinystories_saved,text,disk,67081279,9440302,4765822,300000,256,42,0.02,,,42,20,16,0.0003,,,240,6,,64,"1,2,4,8",,,,,,,18593904,20,7.0570149421691895,7.077847003936768,,,,d357721442c5,60b2fb727273,outputs/experiments/20260323_041127_tinystories_ws1248_rd64_md240_300k_e20_bs16_split3/config.json,outputs/experiments/20260323_041127_tinystories_ws1248_rd64_md240_300k_e20_bs16_split3/summary.json
outputs/experiments/20260328_123001_ptb_baseline_grassmann_sanity_240x64,experiments,20260328_123001,ptb_baseline_grassmann_sanity_240x64,complete,grassmann,wikitext2,ptb,/workspace/grassmannflows/datasets/ptb_text_only_saved,sentence,disk,1136446,89842,101870,0,256,42,0.02,,,42,10,32,0.0003,,,240,6,,64,"1,2,4",,,,,,,18593904,10,87.6834716796875,75.32963562011719,,,,6dcb95399125,902917f14d23,outputs/experiments/20260328_123001_ptb_baseline_grassmann_sanity_240x64/config.json,outputs/experiments/20260328_123001_ptb_baseline_grassmann_sanity_240x64/summary.json
outputs/experiments/20260413_091432_ptb_grassmann_l6_stage1_kd000_e6_seed792_as_init,experiments,20260413_091432,20260413_091432_ptb_grassmann_l6_stage1_kd000_e6_seed792_as_init,complete,grassmann,ptb,unknown,,,,,,,,,,,,,,,,,,,,,,,,,,,,,,,,,,,,,c574cc808037,68acf35e67a5,outputs/experiments/20260413_091432_ptb_grassmann_l6_stage1_kd000_e6_seed792_as_init/config.json,outputs/experiments/20260413_091432_ptb_grassmann_l6_stage1_kd000_e6_seed792_as_init/summary.json
outputs/experiments/20260413_091432_ptb_grassmann_l6_stage1_kd005_e6_seed792_as_init,experiments,20260413_091432,20260413_091432_ptb_grassmann_l6_stage1_kd005_e6_seed792_as_init,complete,grassmann,ptb,unknown,,,,,,,,,,,,,,,,,,,,,,,,,,,,,,,,,,,,,c574cc808037,68acf35e67a5,outputs/experiments/20260413_091432_ptb_grassmann_l6_stage1_kd005_e6_seed792_as_init/config.json,outputs/experiments/20260413_091432_ptb_grassmann_l6_stage1_kd005_e6_seed792_as_init/summary.json
outputs/experiments/20260529_034347_code_grassmann_224x56,experiments,20260529_034347,code_grassmann_224x56,complete,grassmann,code,wikitext2,/workspace/grassmannflows/datasets/codeparrot_saved,text,disk,22293130,22587703,22123845,5000,256,42,0.02,,,42,10,16,0.0003,,,224,6,,56,"1,2,4",,,,,,,16488752,9,11.132669448852539,10.828701972961426,,,,478f1de0ff74,2311af75c959,outputs/experiments/20260529_034347_code_grassmann_224x56/config.json,outputs/experiments/20260529_034347_code_grassmann_224x56/summary.json
outputs/experiments/20260529_034347_code_transformer_224x8,experiments,20260529_034347,code_transformer_224x8,complete,transformer,code,wikitext2,/workspace/grassmannflows/datasets/codeparrot_saved,text,disk,22293130,22587703,22123845,5000,256,42,0.02,,,42,10,16,0.0003,,,224,6,,32,"1,2,4,8,12,16",,,,,,,14945504,10,5.917909622192383,5.9202961921691895,,,,4569e71ce598,a44fee823e84,outputs/experiments/20260529_034347_code_transformer_224x8/config.json,outputs/experiments/20260529_034347_code_transformer_224x8/summary.json
outputs/hybrid_experiments/20260328_062400_ptb_hybrid_alpha_smoke,hybrid_experiments,20260328_062400,ptb_hybrid_alpha_smoke,complete,hybrid,ptb,ptb,/workspace/grassmannflows/datasets/ptb_text_only_saved,sentence,disk,1136446,89842,101870,0,256,42,0.02,,,42,5,32,1e-05,0.01,,,,,,,,,,,,,36264305,3,58.45458984375,50.779083251953125,,,,6cadc2bf21f5,1e800d384d61,outputs/hybrid_experiments/20260328_062400_ptb_hybrid_alpha_smoke/config.json,outputs/hybrid_experiments/20260328_062400_ptb_hybrid_alpha_smoke/summary.json
outputs/hybrid_experiments/20260328_063500_ptb_hybrid_alpha_joint,hybrid_experiments,20260328_063500,ptb_hybrid_alpha_joint,complete,hybrid,ptb,ptb,/workspace/grassmannflows/datasets/ptb_text_only_saved,sentence,disk,1136446,89842,101870,0,256,42,0.02,,,42,10,32,1e-05,0.01,,,,,,,,,,,,,36264305,10,57.59799575805664,50.10411071777344,,,,0c7918e192e9,16f2104abc14,outputs/hybrid_experiments/20260328_063500_ptb_hybrid_alpha_joint/config.json,outputs/hybrid_experiments/20260328_063500_ptb_hybrid_alpha_joint/summary.json
outputs/hybrid_experiments/20260328_064649_ptb_hybrid_alpha_joint_e20,hybrid_experiments,20260328_064649,ptb_hybrid_alpha_joint_e20,complete,hybrid,ptb,ptb,/workspace/grassmannflows/datasets/ptb_text_only_saved,sentence,disk,1136446,89842,101870,0,256,42,0.02,,,42,20,32,5e-06,0.01,,,,,,,,,,,,,36264305,19,57.59014129638672,50.09812545776367,,,,d232e13b3fbf,e03ead23a8f5,outputs/hybrid_experiments/20260328_064649_ptb_hybrid_alpha_joint_e20/config.json,outputs/hybrid_experiments/20260328_064649_ptb_hybrid_alpha_joint_e20/summary.json
outputs/hybrid_experiments/20260328_080104_wt2_hybrid_alpha_joint,hybrid_experiments,20260328_080104,wt2_hybrid_alpha_joint,complete,hybrid,wikitext2,wikitext2,/workspace/grassmannflows/datasets/wikitext2_v1_saved,text,disk,2401115,253809,290257,0,256,42,0.02,,,42,10,32,1e-05,0.01,,,,,,,,,,,,,37749633,10,73.86763000488281,66.86634826660156,,,,f2d8e042da87,8172f038e7da,outputs/hybrid_experiments/20260328_080104_wt2_hybrid_alpha_joint/config.json,outputs/hybrid_experiments/20260328_080104_wt2_hybrid_alpha_joint/summary.json
outputs/hybrid_experiments/20260328_084319_wt2_v1_hybrid_alpha_only,hybrid_experiments,20260328_084319,wt2_v1_hybrid_alpha_only,complete,hybrid,wikitext2,wikitext2,/workspace/grassmannflows/datasets/wikitext2_v1_saved,text,disk,2401115,253809,290257,0,256,42,0.02,,,42,5,32,1e-05,0.01,,,,,,,,,,,,,37749633,3,562.3871459960938,618.7058715820312,,,,effa5c67b383,7cf63b26e823,outputs/hybrid_experiments/20260328_084319_wt2_v1_hybrid_alpha_only/config.json,outputs/hybrid_experiments/20260328_084319_wt2_v1_hybrid_alpha_only/summary.json
outputs/hybrid_experiments/20260328_091251_ptb_layerwise_alpha_only,hybrid_experiments,20260328_091251,ptb_layerwise_alpha_only,complete,hybrid,ptb,ptb,/workspace/grassmannflows/datasets/ptb_text_only_saved,sentence,disk,1136446,89842,101870,0,256,42,0.02,,,42,5,32,1e-05,0.01,,,,,,,,,,,,,36264305,3,58.45458984375,50.779083251953125,,,,6cadc2bf21f5,1e800d384d61,outputs/hybrid_experiments/20260328_091251_ptb_layerwise_alpha_only/config.json,outputs/hybrid_experiments/20260328_091251_ptb_layerwise_alpha_only/summary.json
outputs/hybrid_experiments/20260328_091458_ptb_layerwise_alpha_joint,hybrid_experiments,20260328_091458,ptb_layerwise_alpha_joint,complete,hybrid,ptb,ptb,/workspace/grassmannflows/datasets/ptb_text_only_saved,sentence,disk,1136446,89842,101870,0,256,42,0.02,,,42,10,32,1e-05,0.01,,,,,,,,,,,,,36264305,10,57.59799575805664,50.10411071777344,,,,0c7918e192e9,16f2104abc14,outputs/hybrid_experiments/20260328_091458_ptb_layerwise_alpha_joint/config.json,outputs/hybrid_experiments/20260328_091458_ptb_layerwise_alpha_joint/summary.json
outputs/hybrid_experiments/20260328_093536_ptb_layerwise_alpha_only_samecfg,hybrid_experiments,20260328_093536,ptb_layerwise_alpha_only_samecfg,complete,hybrid,ptb,ptb,/workspace/grassmannflows/datasets/ptb_text_only_saved,sentence,disk,1136446,89842,101870,0,256,42,0.02,,,42,5,32,1e-05,0.01,,,,,,,,,,,,,35365574,5,74.05709075927734,64.47139739990234,,,,6cadc2bf21f5,1e800d384d61,outputs/hybrid_experiments/20260328_093536_ptb_layerwise_alpha_only_samecfg/config.json,outputs/hybrid_experiments/20260328_093536_ptb_layerwise_alpha_only_samecfg/summary.json
outputs/hybrid_experiments/20260328_093917_ptb_layerwise_alpha_joint_samecfg,hybrid_experiments,20260328_093917,ptb_layerwise_alpha_joint_samecfg,complete,hybrid,ptb,ptb,/workspace/grassmannflows/datasets/ptb_text_only_saved,sentence,disk,1136446,89842,101870,0,256,42,0.02,,,42,10,32,1e-05,0.01,,,,,,,,,,,,,35365574,10,73.75328063964844,63.931739807128906,,,,0c7918e192e9,16f2104abc14,outputs/hybrid_experiments/20260328_093917_ptb_layerwise_alpha_joint_samecfg/config.json,outputs/hybrid_experiments/20260328_093917_ptb_layerwise_alpha_joint_samecfg/summary.json
outputs/hybrid_experiments/20260328_095742_ptb_latefusion_last1_alpha_only,hybrid_experiments,20260328_095742,ptb_latefusion_last1_alpha_only,complete,hybrid,ptb,ptb,/workspace/grassmannflows/datasets/ptb_text_only_saved,sentence,disk,1136446,89842,101870,0,256,42,0.02,,,42,5,32,1e-05,0.01,,,,,,,1,,,,,,36264305,1,58.45221710205078,50.779361724853516,,,,0a08c7c4ab76,a312d46afe5c,outputs/hybrid_experiments/20260328_095742_ptb_latefusion_last1_alpha_only/config.json,outputs/hybrid_experiments/20260328_095742_ptb_latefusion_last1_alpha_only/summary.json
outputs/hybrid_experiments/20260328_095917_ptb_latefusion_last1_joint,hybrid_experiments,20260328_095917,ptb_latefusion_last1_joint,complete,hybrid,ptb,ptb,/workspace/grassmannflows/datasets/ptb_text_only_saved,sentence,disk,1136446,89842,101870,0,256,42,0.02,,,42,10,32,1e-05,0.01,,,,,,,1,,,,,,36264305,8,57.613487243652344,50.11249542236328,,,,80b82fb3f9d3,507c634d15fe,outputs/hybrid_experiments/20260328_095917_ptb_latefusion_last1_joint/config.json,outputs/hybrid_experiments/20260328_095917_ptb_latefusion_last1_joint/summary.json
outputs/hybrid_experiments/20260328_100938_ptb_latefusion_last2_joint,hybrid_experiments,20260328_100938,ptb_latefusion_last2_joint,complete,hybrid,ptb,ptb,/workspace/grassmannflows/datasets/ptb_text_only_saved,sentence,disk,1136446,89842,101870,0,256,42,0.02,,,42,10,32,1e-05,0.01,,,,,,,2,,,,,,36264306,10,58.3066291809082,50.685813903808594,,,,d77eae56b4db,fa6d1edfc508,outputs/hybrid_experiments/20260328_100938_ptb_latefusion_last2_joint/config.json,outputs/hybrid_experiments/20260328_100938_ptb_latefusion_last2_joint/summary.json
outputs/hybrid_experiments/20260328_141004_ptb_hybrid_lite_baseline_mild,hybrid_experiments,20260328_141004,ptb_hybrid_lite_baseline_mild,complete,hybrid,ptb,ptb,/workspace/grassmannflows/datasets/ptb_text_only_saved,,,,,,0,256,42,0.1,,,42,10,32,0.0002,0.01,,224,6,,56,"1,2,4",1,,,,,,31434257,10,79.61613464355469,68.92841339111328,,,,05b79b166e3e,36969f0cef7b,outputs/hybrid_experiments/20260328_141004_ptb_hybrid_lite_baseline_mild/config.json,outputs/hybrid_experiments/20260328_141004_ptb_hybrid_lite_baseline_mild/summary.json
outputs/hybrid_experiments/20260328_141909_ptb_hybrid_lite_baseline_balanced,hybrid_experiments,20260328_141909,ptb_hybrid_lite_baseline_balanced,complete,hybrid,ptb,ptb,/workspace/grassmannflows/datasets/ptb_text_only_saved,,,,,,0,256,42,0.1,,,42,10,32,0.0002,0.01,,192,6,,48,"1,2,4",1,,,,,,25648801,10,86.5310287475586,74.7424545288086,,,,5eea6b210717,7e55cc5fd3d2,outputs/hybrid_experiments/20260328_141909_ptb_hybrid_lite_baseline_balanced/config.json,outputs/hybrid_experiments/20260328_141909_ptb_hybrid_lite_baseline_balanced/summary.json
outputs/hybrid_experiments/20260328_142654_ptb_hybrid_lite_baseline_mild_e20,hybrid_experiments,20260328_142654,ptb_hybrid_lite_baseline_mild_e20,complete,hybrid,ptb,ptb,/workspace/grassmannflows/datasets/ptb_text_only_saved,,,,,,0,256,42,0.1,,,42,20,32,0.0002,0.01,,224,6,,56,"1,2,4",1,,,,,,31434257,19,68.4699935913086,58.53251647949219,,,,1a0e09c14811,303371b01ba0,outputs/hybrid_experiments/20260328_142654_ptb_hybrid_lite_baseline_mild_e20/config.json,outputs/hybrid_experiments/20260328_142654_ptb_hybrid_lite_baseline_mild_e20/summary.json
outputs/hybrid_experiments/20260402_114602_ptb_hybrid_lite_baseline_224x56_l4_e20,hybrid_experiments,20260402_114602,ptb_hybrid_lite_baseline_224x56_l4_e20,complete,hybrid,ptb,ptb,/workspace/grassmannflows/datasets/ptb_text_only_saved,,,,,,0,256,42,0.1,,,42,20,32,0.0002,0.01,,224,4,,56,"1,2,4",1,,,,,,28499745,19,69.97612762451172,59.613243103027344,,,,0d2e0719b467,0db0c0a95292,outputs/hybrid_experiments/20260402_114602_ptb_hybrid_lite_baseline_224x56_l4_e20/config.json,outputs/hybrid_experiments/20260402_114602_ptb_hybrid_lite_baseline_224x56_l4_e20/summary.json
outputs/hybrid_experiments/20260402_120905_ptb_hybrid_lite_baseline_192x48_e20,hybrid_experiments,20260402_120905,ptb_hybrid_lite_baseline_192x48_e20,complete,hybrid,ptb,ptb,/workspace/grassmannflows/datasets/ptb_text_only_saved,,,,,,0,256,42,0.1,,,42,20,32,0.0002,0.01,,192,6,,48,"1,2,4",1,,,,,,25648801,20,70.2269287109375,60.530479431152344,,,,f6b5d4db06e3,88f3a2a63a2a,outputs/hybrid_experiments/20260402_120905_ptb_hybrid_lite_baseline_192x48_e20/config.json,outputs/hybrid_experiments/20260402_120905_ptb_hybrid_lite_baseline_192x48_e20/summary.json
outputs/hybrid_experiments/20260402_130614_ptb_hybrid_lite_baseline_192x48_l4_e20,hybrid_experiments,20260402_130614,ptb_hybrid_lite_baseline_192x48_l4_e20,complete,hybrid,ptb,ptb,/workspace/grassmannflows/datasets/ptb_text_only_saved,,,,,,0,256,42,0.1,,,42,20,32,0.0002,0.01,,192,4,,48,"1,2,4",1,,,,,,23565121,20,70.94214630126953,60.62461853027344,,,,1e0910a77b94,3ffbcc66173c,outputs/hybrid_experiments/20260402_130614_ptb_hybrid_lite_baseline_192x48_l4_e20/config.json,outputs/hybrid_experiments/20260402_130614_ptb_hybrid_lite_baseline_192x48_l4_e20/summary.json
outputs/hybrid_experiments/20260402_140126_ptb_hybrid_lite_baseline_224x56_l6_seed123_e20,hybrid_experiments,20260402_140126,ptb_hybrid_lite_baseline_224x56_l6_seed123_e20,complete,hybrid,ptb,ptb,/workspace/grassmannflows/datasets/ptb_text_only_saved,,,,,,0,256,42,0.1,,,123,20,32,0.0002,0.01,,224,6,,56,"1,2,4",1,,,,,,31434257,19,68.81399536132812,59.043487548828125,,,,1a0e09c14811,303371b01ba0,outputs/hybrid_experiments/20260402_140126_ptb_hybrid_lite_baseline_224x56_l6_seed123_e20/config.json,outputs/hybrid_experiments/20260402_140126_ptb_hybrid_lite_baseline_224x56_l6_seed123_e20/summary.json
outputs/hybrid_experiments/20260402_140326_ptb_hybrid_lite_baseline_224x56_l6_seed456_e20,hybrid_experiments,20260402_140326,ptb_hybrid_lite_baseline_224x56_l6_seed456_e20,complete,hybrid,ptb,ptb,/workspace/grassmannflows/datasets/ptb_text_only_saved,,,,,,0,256,42,0.1,,,456,20,32,0.0002,0.01,,224,6,,56,"1,2,4",1,,,,,,31434257,19,68.62643432617188,58.48355484008789,,,,1a0e09c14811,303371b01ba0,outputs/hybrid_experiments/20260402_140326_ptb_hybrid_lite_baseline_224x56_l6_seed456_e20/config.json,outputs/hybrid_experiments/20260402_140326_ptb_hybrid_lite_baseline_224x56_l6_seed456_e20/summary.json
outputs/hybrid_experiments/20260402_140739_ptb_hybrid_lite_baseline_192x48_l4_seed123_e20,hybrid_experiments,20260402_140739,ptb_hybrid_lite_baseline_192x48_l4_seed123_e20,complete,hybrid,ptb,ptb,/workspace/grassmannflows/datasets/ptb_text_only_saved,,,,,,0,256,42,0.1,,,123,20,32,0.0002,0.01,,192,4,,48,"1,2,4",1,,,,,,23565121,20,71.1324462890625,60.564979553222656,,,,1e0910a77b94,3ffbcc66173c,outputs/hybrid_experiments/20260402_140739_ptb_hybrid_lite_baseline_192x48_l4_seed123_e20/config.json,outputs/hybrid_experiments/20260402_140739_ptb_hybrid_lite_baseline_192x48_l4_seed123_e20/summary.json
outputs/hybrid_experiments/20260402_143306_ptb_hybrid_lite_baseline_192x48_l4_seed456_e20,hybrid_experiments,20260402_143306,ptb_hybrid_lite_baseline_192x48_l4_seed456_e20,complete,hybrid,ptb,ptb,/workspace/grassmannflows/datasets/ptb_text_only_saved,,,,,,0,256,42,0.1,,,456,20,32,0.0002,0.01,,192,4,,48,"1,2,4",1,,,,,,23565121,20,70.91468048095703,60.40061950683594,,,,1e0910a77b94,3ffbcc66173c,outputs/hybrid_experiments/20260402_143306_ptb_hybrid_lite_baseline_192x48_l4_seed456_e20/config.json,outputs/hybrid_experiments/20260402_143306_ptb_hybrid_lite_baseline_192x48_l4_seed456_e20/summary.json
outputs/hybrid_experiments/20260413_080322_smoke_ptb_l6_twostage_stage1_kd005_as_init,hybrid_experiments,20260413_080322,20260413_080322_smoke_ptb_l6_twostage_stage1_kd005_as_init,complete,hybrid,ptb,unknown,,,,,,,,,,,,,,,,,,,,,,,,,,,,,,,,,,,,,27bc9f97ffe6,97137d3e3493,outputs/hybrid_experiments/20260413_080322_smoke_ptb_l6_twostage_stage1_kd005_as_init/config.json,outputs/hybrid_experiments/20260413_080322_smoke_ptb_l6_twostage_stage1_kd005_as_init/summary.json
outputs/hybrid_experiments/20260413_080613_ptb_hybrid_lite_warmstart_l6_stage1_kd005_e6_as_init,hybrid_experiments,20260413_080613,20260413_080613_ptb_hybrid_lite_warmstart_l6_stage1_kd005_e6_as_init,complete,hybrid,ptb,unknown,,,,,,,,,,,,,,,,,,,,,,,,,,,,,,,,,,,,,27bc9f97ffe6,97137d3e3493,outputs/hybrid_experiments/20260413_080613_ptb_hybrid_lite_warmstart_l6_stage1_kd005_e6_as_init/config.json,outputs/hybrid_experiments/20260413_080613_ptb_hybrid_lite_warmstart_l6_stage1_kd005_e6_as_init/summary.json
outputs/hybrid_experiments/20260413_084505_ptb_hybrid_lite_warmstart_l6_stage1_kd005_e6_seed123_as_init,hybrid_experiments,20260413_084505,20260413_084505_ptb_hybrid_lite_warmstart_l6_stage1_kd005_e6_seed123_as_init,complete,hybrid,ptb,unknown,,,,,,,,,,,,,,,,,,,,,,,,,,,,,,,,,,,,,27bc9f97ffe6,97137d3e3493,outputs/hybrid_experiments/20260413_084505_ptb_hybrid_lite_warmstart_l6_stage1_kd005_e6_seed123_as_init/config.json,outputs/hybrid_experiments/20260413_084505_ptb_hybrid_lite_warmstart_l6_stage1_kd005_e6_seed123_as_init/summary.json
outputs/hybrid_experiments/20260413_084505_ptb_hybrid_lite_warmstart_l6_stage1_kd005_e6_seed456_as_init,hybrid_experiments,20260413_084505,20260413_084505_ptb_hybrid_lite_warmstart_l6_stage1_kd005_e6_seed456_as_init,complete,hybrid,ptb,unknown,,,,,,,,,,,,,,,,,,,,,,,,,,,,,,,,,,,,,27bc9f97ffe6,97137d3e3493,outputs/hybrid_experiments/20260413_084505_ptb_hybrid_lite_warmstart_l6_stage1_kd005_e6_seed456_as_init/config.json,outputs/hybrid_experiments/20260413_084505_ptb_hybrid_lite_warmstart_l6_stage1_kd005_e6_seed456_as_init/summary.json
outputs/hybrid_experiments/20260515_004119_wt2_hybrid_lite_baseline_224x56_l6_e20,hybrid_experiments,20260515_004119,wt2_hybrid_lite_baseline_224x56_l6_e20,complete,hybrid,wikitext2,wikitext2,/workspace/grassmannflows/datasets/wikitext2_v1_saved,,,,,,0,256,42,0.1,,,42,20,32,0.0002,0.01,,224,6,,56,"1,2,4",1,,,,,,31434257,15,78.63749694824219,70.16336822509766,,,,0966aef8982f,a26459e19489,outputs/hybrid_experiments/20260515_004119_wt2_hybrid_lite_baseline_224x56_l6_e20/config.json,outputs/hybrid_experiments/20260515_004119_wt2_hybrid_lite_baseline_224x56_l6_e20/summary.json
outputs/hybrid_experiments/20260515_021200_ts_latefusion_last1_joint_e10,hybrid_experiments,20260515_021200,ts_latefusion_last1_joint_e10,config_only,,tinystories,tinystories,/workspace/grassmannflows/datasets/tinystories_saved,text,disk,67081279,9440302,4765822,300000,256,42,0.02,,,42,10,32,1e-05,0.01,,,,,,,1,,,,,,,,,,,,,1327b7dfbb2e,5a22d454ca72,outputs/hybrid_experiments/20260515_021200_ts_latefusion_last1_joint_e10/config.json,
outputs/hybrid_experiments/20260515_021326_ts_latefusion_last1_joint_e10,hybrid_experiments,20260515_021326,ts_latefusion_last1_joint_e10,config_only,,tinystories,tinystories,/workspace/grassmannflows/datasets/tinystories_saved,text,disk,67081279,9440302,4765822,300000,256,42,0.02,,,42,10,32,1e-05,0.01,,,,,,,1,,,,,,,,,,,,,1327b7dfbb2e,5a22d454ca72,outputs/hybrid_experiments/20260515_021326_ts_latefusion_last1_joint_e10/config.json,
outputs/hybrid_experiments/20260515_021348_ts_latefusion_last1_joint_e10,hybrid_experiments,20260515_021348,ts_latefusion_last1_joint_e10,config_only,,tinystories,tinystories,/workspace/grassmannflows/datasets/tinystories_saved,text,disk,67081279,9440302,4765822,300000,256,42,0.02,,,42,10,32,1e-05,0.01,,,,,,,1,,,,,,,,,,,,,1327b7dfbb2e,5a22d454ca72,outputs/hybrid_experiments/20260515_021348_ts_latefusion_last1_joint_e10/config.json,
outputs/hybrid_experiments/20260515_021401_ts_latefusion_last1_joint_e10,hybrid_experiments,20260515_021401,ts_latefusion_last1_joint_e10,config_only,,tinystories,tinystories,/workspace/grassmannflows/datasets/tinystories_saved,text,disk,67081279,9440302,4765822,300000,256,42,0.02,,,42,10,32,1e-05,0.01,,,,,,,1,,,,,,,,,,,,,1327b7dfbb2e,5a22d454ca72,outputs/hybrid_experiments/20260515_021401_ts_latefusion_last1_joint_e10/config.json,
outputs/hybrid_experiments/20260515_021533_ts_latefusion_last1_joint_e10,hybrid_experiments,20260515_021533,ts_latefusion_last1_joint_e10,config_only,,tinystories,tinystories,/workspace/grassmannflows/datasets/tinystories_saved,text,disk,67081279,9440302,4765822,300000,256,42,0.02,,,42,10,32,1e-05,0.01,,,,,,,1,,,,,,,,,,,,,1327b7dfbb2e,5a22d454ca72,outputs/hybrid_experiments/20260515_021533_ts_latefusion_last1_joint_e10/config.json,
outputs/hybrid_experiments/20260515_021554_ts_latefusion_last1_joint_e10,hybrid_experiments,20260515_021554,20260515_021554_ts_latefusion_last1_joint_e10,incomplete,,tinystories,unknown,,,,,,,,,,,,,,,,,,,,,,,,,,,,,,,,,,,,,6803fe094cb4,8018b4455653,,
outputs/hybrid_experiments/20260515_021640_ts_latefusion_last1_joint_e10,hybrid_experiments,20260515_021640,20260515_021640_ts_latefusion_last1_joint_e10,incomplete,,tinystories,unknown,,,,,,,,,,,,,,,,,,,,,,,,,,,,,,,,,,,,,6803fe094cb4,8018b4455653,,
outputs/hybrid_experiments/20260515_022710_ts_latefusion_last1_joint_e10,hybrid_experiments,20260515_022710,ts_latefusion_last1_joint_e10,complete,hybrid,tinystories,tinystories,/workspace/grassmannflows/datasets/tinystories_saved,text,disk,67081279,9440302,4765822,300000,256,42,0.02,,,42,10,32,1e-05,0.01,,,,,,,1,,,,,,36264305,10,4.950964450836182,4.969051361083984,,,,04067951a06f,667317c2b738,outputs/hybrid_experiments/20260515_022710_ts_latefusion_last1_joint_e10/config.json,outputs/hybrid_experiments/20260515_022710_ts_latefusion_last1_joint_e10/summary.json
outputs/hybrid_experiments/20260515_031101_ts_hybrid_lite_baseline_224x56_l6_e20,hybrid_experiments,20260515_031101,ts_hybrid_lite_baseline_224x56_l6_e20,complete,hybrid,tinystories,tinystories,/workspace/grassmannflows/datasets/tinystories_saved,text,,,,,300000,256,42,0.02,,,42,20,32,0.0002,0.01,,224,6,,56,"1,2,4",1,,,,,,31434257,20,5.043747901916504,5.065417289733887,,,,7f8256a65da1,198bc91a1e7e,outputs/hybrid_experiments/20260515_031101_ts_hybrid_lite_baseline_224x56_l6_e20/config.json,outputs/hybrid_experiments/20260515_031101_ts_hybrid_lite_baseline_224x56_l6_e20/summary.json
outputs/hybrid_experiments/20260527_072902_code_latefusion_teacher_joint,hybrid_experiments,20260527_072902,code_latefusion_teacher_joint,config_only,,code,ptb,/workspace/grassmannflows/datasets/codeparrot_saved,text,disk,181058623,22587703,22123845,0,256,42,0.02,,,42,10,16,1e-05,0.01,,,,,,,1,,,,,,,,,,,,,fdc363b4d4f9,1d151b11435f,outputs/hybrid_experiments/20260527_072902_code_latefusion_teacher_joint/config.json,
outputs/hybrid_experiments/20260527_074051_code_hybrid_lite_baseline_ce_scratch,hybrid_experiments,20260527_074051,code_hybrid_lite_baseline_ce_scratch,config_only,,code,ptb,/workspace/grassmannflows/datasets/codeparrot_saved,text,,,,,0,256,42,0.1,,,42,10,16,0.0002,0.01,,224,6,,56,"1,2,4",1,,,,,,,,,,,,,c7e6d13d2ff9,b8573c4ffed4,outputs/hybrid_experiments/20260527_074051_code_hybrid_lite_baseline_ce_scratch/config.json,
outputs/hybrid_experiments/20260527_074112_code_latefusion_teacher_joint,hybrid_experiments,20260527_074112,code_latefusion_teacher_joint,complete,hybrid,code,ptb,/workspace/grassmannflows/datasets/codeparrot_saved,text,disk,22293130,22587703,22123845,5000,256,42,0.02,,,42,10,16,1e-05,0.01,,,,,,,1,,,,,,36264305,10,18.716772079467773,18.29984474182129,,,,01f5a329b181,b8cee92e619a,outputs/hybrid_experiments/20260527_074112_code_latefusion_teacher_joint/config.json,outputs/hybrid_experiments/20260527_074112_code_latefusion_teacher_joint/summary.json
outputs/hybrid_experiments/20260527_074223_code_hybrid_lite_baseline_ce_scratch,hybrid_experiments,20260527_074223,code_hybrid_lite_baseline_ce_scratch,config_only,,code,ptb,/workspace/grassmannflows/datasets/codeparrot_saved,text,,,,,0,256,42,0.1,,,42,10,16,0.0002,0.01,,224,6,,56,"1,2,4",1,,,,,,,,,,,,,c7e6d13d2ff9,b8573c4ffed4,outputs/hybrid_experiments/20260527_074223_code_hybrid_lite_baseline_ce_scratch/config.json,
outputs/hybrid_experiments/20260527_074231_code_latefusion_teacher_joint,hybrid_experiments,20260527_074231,code_latefusion_teacher_joint,complete,hybrid,code,ptb,/workspace/grassmannflows/datasets/codeparrot_saved,text,disk,22293130,22587703,22123845,5000,256,42,0.02,,,42,10,16,1e-05,0.01,,,,,,,1,,,,,,36264305,10,18.716772079467773,18.29984474182129,,,,01f5a329b181,b8cee92e619a,outputs/hybrid_experiments/20260527_074231_code_latefusion_teacher_joint/config.json,outputs/hybrid_experiments/20260527_074231_code_latefusion_teacher_joint/summary.json
outputs/hybrid_experiments/20260527_074319_code_hybrid_lite_baseline_ce_scratch,hybrid_experiments,20260527_074319,code_hybrid_lite_baseline_ce_scratch,config_only,,code,ptb,/workspace/grassmannflows/datasets/codeparrot_saved,text,,,,,5000,256,42,0.1,,,42,10,16,0.0002,0.01,,224,6,,56,"1,2,4",1,,,,,,,,,,,,,8a21bf303ba7,3a8c18fbf0f8,outputs/hybrid_experiments/20260527_074319_code_hybrid_lite_baseline_ce_scratch/config.json,
outputs/hybrid_experiments/20260527_074518_code_hybrid_lite_baseline_ce_scratch,hybrid_experiments,20260527_074518,code_hybrid_lite_baseline_ce_scratch,complete,hybrid,code,ptb,/workspace/grassmannflows/datasets/codeparrot_saved,text,,,,,5000,256,42,0.1,,,42,10,16,0.0002,0.01,,224,6,,56,"1,2,4",1,,,,,,31434257,10,7.758209705352783,7.668924331665039,,,,346c9fa80283,bc36d8031463,outputs/hybrid_experiments/20260527_074518_code_hybrid_lite_baseline_ce_scratch/config.json,outputs/hybrid_experiments/20260527_074518_code_hybrid_lite_baseline_ce_scratch/summary.json
outputs/hybrid_experiments/20260527_074805_code_hybrid_lite_baseline_ce_scratch,hybrid_experiments,20260527_074805,code_hybrid_lite_baseline_ce_scratch,config_only,,code,ptb,/workspace/grassmannflows/datasets/codeparrot_saved,text,,,,,0,256,42,0.1,,,42,10,16,0.0002,0.01,,224,6,,56,"1,2,4",1,,,,,,,,,,,,,c7e6d13d2ff9,b8573c4ffed4,outputs/hybrid_experiments/20260527_074805_code_hybrid_lite_baseline_ce_scratch/config.json,
outputs/hybrid_experiments/20260529_120718_code_teacher_last1_joint,hybrid_experiments,20260529_120718,code_teacher_last1_joint,complete,hybrid,code,ptb,/workspace/grassmannflows/datasets/codeparrot_saved,text,disk,22293130,22587703,22123845,5000,256,42,0.02,,,42,10,16,1e-05,0.01,,,,,,,1,,,,,,31434257,10,5.681638240814209,5.682055950164795,,,,01f5a329b181,b8cee92e619a,outputs/hybrid_experiments/20260529_120718_code_teacher_last1_joint/config.json,outputs/hybrid_experiments/20260529_120718_code_teacher_last1_joint/summary.json
outputs/hybrid_experiments/20260601_024109_ptb_r32_baseline,hybrid_experiments,20260601_024109,ptb_r32_baseline,complete,hybrid,ptb,ptb,/workspace/grassmannflows/datasets/ptb_text_only_saved,,,,,,0,256,42,0.1,,,42,10,32,0.0002,0.01,,224,6,,32,"1,2,4",1,,,,,,29998721,10,82.61885833740234,71.30553436279297,,,,94e59458f7a2,31b5f54ca09a,outputs/hybrid_experiments/20260601_024109_ptb_r32_baseline/config.json,outputs/hybrid_experiments/20260601_024109_ptb_r32_baseline/summary.json
outputs/distill_experiments/20260317_171512_wt2_distill_t2g_ws1248_rd64,distill_experiments,20260317_171512,wt2_distill_t2g_ws1248_rd64,complete,student,wikitext2,unknown,,,,,,,,256,,,,random_init,42,20,32,0.0003,,,256,6,,64,"1,2,4,8",,legacy_batchmean,0.5,,,2.0,20079232,17,215.09031677246094,224.55831909179688,,outputs/experiments/20260317_114514_wt2_baseline_both,,a15ab059ede2,d63946bdefc3,outputs/distill_experiments/20260317_171512_wt2_distill_t2g_ws1248_rd64/config.json,outputs/distill_experiments/20260317_171512_wt2_distill_t2g_ws1248_rd64/summary.json
outputs/distill_experiments/20260317_185756_wt2_distill_t2g_ws124_rd64_a01,distill_experiments,20260317_185756,wt2_distill_t2g_ws124_rd64_a01,complete,student,wikitext2,unknown,,,,,,,,256,,,,random_init,42,20,32,0.0003,,,256,6,,64,"1,2,4",,legacy_batchmean,0.1,,,2.0,20079232,19,209.0525360107422,217.79359436035156,,outputs/experiments/20260317_114514_wt2_baseline_both,,1382961b3e3b,24b27b5502d7,outputs/distill_experiments/20260317_185756_wt2_distill_t2g_ws124_rd64_a01/config.json,outputs/distill_experiments/20260317_185756_wt2_distill_t2g_ws124_rd64_a01/summary.json
outputs/distill_experiments/20260317_192324_wt2_distill_t2g_ws124_rd64_a02,distill_experiments,20260317_192324,wt2_distill_t2g_ws124_rd64_a02,complete,student,wikitext2,unknown,,,,,,,,256,,,,random_init,42,20,32,0.0003,,,256,6,,64,"1,2,4",,legacy_batchmean,0.2,,,2.0,20079232,19,211.53382873535156,220.17727661132812,,outputs/experiments/20260317_114514_wt2_baseline_both,,6d7e2f15ba7d,24b27b5502d7,outputs/distill_experiments/20260317_192324_wt2_distill_t2g_ws124_rd64_a02/config.json,outputs/distill_experiments/20260317_192324_wt2_distill_t2g_ws124_rd64_a02/summary.json
outputs/distill_experiments/20260317_202526_wt2_distill_t2g_ws124_rd64_a005,distill_experiments,20260317_202526,wt2_distill_t2g_ws124_rd64_a005,complete,student,wikitext2,unknown,,,,,,,,256,,,,random_init,42,20,32,0.0003,,,256,6,,64,"1,2,4",,legacy_batchmean,0.05,,,2.0,20079232,19,204.99755859375,213.66827392578125,,outputs/experiments/20260317_114514_wt2_baseline_both,,e1d30083990d,24b27b5502d7,outputs/distill_experiments/20260317_202526_wt2_distill_t2g_ws124_rd64_a005/config.json,outputs/distill_experiments/20260317_202526_wt2_distill_t2g_ws124_rd64_a005/summary.json
outputs/distill_experiments/20260317_214721_wt2_distill_t2g_ws124_rd64_a01_t1,distill_experiments,20260317_214721,wt2_distill_t2g_ws124_rd64_a01_t1,complete,student,wikitext2,unknown,,,,,,,,256,,,,random_init,42,20,32,0.0003,,,256,6,,64,"1,2,4",,legacy_batchmean,0.1,,,1.0,20079232,18,200.3606414794922,208.51344299316406,,outputs/experiments/20260317_114514_wt2_baseline_both,,22c044af02d2,5cb373074785,outputs/distill_experiments/20260317_214721_wt2_distill_t2g_ws124_rd64_a01_t1/config.json,outputs/distill_experiments/20260317_214721_wt2_distill_t2g_ws124_rd64_a01_t1/summary.json
outputs/distill_experiments/20260318_114845_ptb_distill_t2g_ws124_rd64_md240_a01_t1,distill_experiments,20260318_114845,ptb_distill_t2g_ws124_rd64_md240_a01_t1,complete,student,wikitext2,unknown,,,,,,,0,256,,,,random_init,42,20,32,0.0003,,,240,6,,64,"1,2,4",,legacy_batchmean,0.1,,,1.0,18593904,18,68.30150604248047,59.1214714050293,,outputs/experiments/20260318_094720_ptb_baseline_both,,de97be4ee52c,89fc514c7ef7,outputs/distill_experiments/20260318_114845_ptb_distill_t2g_ws124_rd64_md240_a01_t1/config.json,outputs/distill_experiments/20260318_114845_ptb_distill_t2g_ws124_rd64_md240_a01_t1/summary.json
outputs/distill_experiments/20260319_084019_tinystories_distill_t2g_ws124_rd64_md240_a01_t1,distill_experiments,20260319_084019,tinystories_distill_t2g_ws124_rd64_md240_a01_t1,complete,student,tinystories,tinystories,/root/songxin/datasets/tinystories_saved,text,,,,,300000,256,,,,random_init,42,20,32,0.0003,,,240,6,,64,"1,2,4",,legacy_batchmean,0.1,,,1.0,18593904,20,7.820709705352783,7.8419952392578125,,outputs/experiments/20260319_010013_tinystories_transformer_300k_e10_split3,,4437319dec6e,300d2594eb0e,outputs/distill_experiments/20260319_084019_tinystories_distill_t2g_ws124_rd64_md240_a01_t1/config.json,outputs/distill_experiments/20260319_084019_tinystories_distill_t2g_ws124_rd64_md240_a01_t1/summary.json
outputs/distill_experiments/20260321_073338_tinystories_distill_t2g_ws124_rd64_md240_a005_t1,distill_experiments,20260321_073338,tinystories_distill_t2g_ws124_rd64_md240_a005_t1,complete,student,tinystories,tinystories,/workspace/grassmannflows/datasets/tinystories_saved,text,,,,,300000,256,,,,random_init,42,20,12,0.0003,,,240,6,,64,"1,2,4",,legacy_batchmean,0.05,,,1.0,18593904,20,7.697656631469727,7.718029499053955,,outputs/experiments/20260319_010013_tinystories_transformer_300k_e10_split3,,ecad1ef6679a,6009885f65c2,outputs/distill_experiments/20260321_073338_tinystories_distill_t2g_ws124_rd64_md240_a005_t1/config.json,outputs/distill_experiments/20260321_073338_tinystories_distill_t2g_ws124_rd64_md240_a005_t1/summary.json
outputs/distill_experiments/20260328_111500_ptb_distill_grassmann_balanced,distill_experiments,20260328_111500,ptb_distill_grassmann_balanced,complete,student,ptb,ptb,/workspace/grassmannflows/datasets/ptb_text_only_saved,sentence,disk,1136446,89842,101870,0,256,42,0.02,grassmann,random_init,42,10,32,0.0002,0.01,0.05,224,6,8,56,"1,2,4",,legacy_batchmean,0.7,,,2.0,16488752,10,104.73126983642578,89.29889678955078,50.11249542236328,/workspace/grassmannflows/grassmann-flows/outputs/hybrid_experiments/20260328_095917_ptb_latefusion_last1_joint,,6ee8f702db35,885b34ce98f0,outputs/distill_experiments/20260328_111500_ptb_distill_grassmann_balanced/config.json,outputs/distill_experiments/20260328_111500_ptb_distill_grassmann_balanced/summary.json
outputs/distill_experiments/20260328_112507_ptb_distill_grassmann_light,distill_experiments,20260328_112507,ptb_distill_grassmann_light,complete,student,ptb,ptb,/workspace/grassmannflows/datasets/ptb_text_only_saved,sentence,disk,1136446,89842,101870,0,256,42,0.02,grassmann,random_init,42,10,32,0.0002,0.01,0.05,192,4,8,48,"1,2,4",,legacy_batchmean,0.7,,,2.0,12086784,10,118.02268981933594,100.11408233642578,50.11249542236328,/workspace/grassmannflows/grassmann-flows/outputs/hybrid_experiments/20260328_095917_ptb_latefusion_last1_joint,,682dd90101e1,fdad8f707553,outputs/distill_experiments/20260328_112507_ptb_distill_grassmann_light/config.json,outputs/distill_experiments/20260328_112507_ptb_distill_grassmann_light/summary.json
outputs/distill_experiments/20260328_113211_ptb_distill_transformer_control,distill_experiments,20260328_113211,ptb_distill_transformer_control,complete,student,ptb,ptb,/workspace/grassmannflows/datasets/ptb_text_only_saved,sentence,disk,1136446,89842,101870,0,256,42,0.02,transformer,random_init,42,10,32,0.0002,0.01,0.05,224,6,8,56,"1,2,4",,legacy_batchmean,0.7,,,2.0,14945504,10,134.33724975585938,114.87838745117188,50.11249542236328,/workspace/grassmannflows/grassmann-flows/outputs/hybrid_experiments/20260328_095917_ptb_latefusion_last1_joint,,6c771dbd2803,0e49b4ece5d3,outputs/distill_experiments/20260328_113211_ptb_distill_transformer_control/config.json,outputs/distill_experiments/20260328_113211_ptb_distill_transformer_control/summary.json
outputs/distill_experiments/20260328_124550_ptb_distill_grassmann_sanity_240x64_a,distill_experiments,20260328_124550,ptb_distill_grassmann_sanity_240x64_a,complete,student,ptb,ptb,/workspace/grassmannflows/datasets/ptb_text_only_saved,sentence,disk,1136446,89842,101870,0,256,42,0.02,grassmann,random_init,42,10,32,0.0002,0.01,0.05,240,6,8,64,"1,2,4",,legacy_batchmean,0.3,,,2.0,18593904,10,97.11786651611328,83.11404418945312,50.11249542236328,/workspace/grassmannflows/grassmann-flows/outputs/hybrid_experiments/20260328_095917_ptb_latefusion_last1_joint,,536166d46bca,cca98f2deda7,outputs/distill_experiments/20260328_124550_ptb_distill_grassmann_sanity_240x64_a/config.json,outputs/distill_experiments/20260328_124550_ptb_distill_grassmann_sanity_240x64_a/summary.json
outputs/distill_experiments/20260328_130032_ptb_distill_grassmann_sanity_240x64_b,distill_experiments,20260328_130032,ptb_distill_grassmann_sanity_240x64_b,complete,student,ptb,ptb,/workspace/grassmannflows/datasets/ptb_text_only_saved,sentence,disk,1136446,89842,101870,0,256,42,0.02,grassmann,random_init,42,10,32,0.0002,0.01,0.05,240,6,8,64,"1,2,4",,legacy_batchmean,0.5,,,4.0,18593904,10,178.7255859375,152.23667907714844,50.11249542236328,/workspace/grassmannflows/grassmann-flows/outputs/hybrid_experiments/20260328_095917_ptb_latefusion_last1_joint,,17efe440b4d6,34cbff4de503,outputs/distill_experiments/20260328_130032_ptb_distill_grassmann_sanity_240x64_b/config.json,outputs/distill_experiments/20260328_130032_ptb_distill_grassmann_sanity_240x64_b/summary.json
outputs/distill_experiments/20260328_132103_ptb_distill_hybrid_lite_mild,distill_experiments,20260328_132103,ptb_distill_hybrid_lite_mild,complete,student,ptb,ptb,/workspace/grassmannflows/datasets/ptb_text_only_saved,sentence,disk,1136446,89842,101870,0,256,42,0.02,hybrid_lite,random_init,42,10,32,0.0002,0.01,0.05,224,6,8,56,"1,2,4",1,legacy_batchmean,0.3,,,2.0,31434257,10,110.10575103759766,94.62921905517578,50.11249542236328,/workspace/grassmannflows/grassmann-flows/outputs/hybrid_experiments/20260328_095917_ptb_latefusion_last1_joint,,0bc74bbb927e,781056d5e16a,outputs/distill_experiments/20260328_132103_ptb_distill_hybrid_lite_mild/config.json,outputs/distill_experiments/20260328_132103_ptb_distill_hybrid_lite_mild/summary.json
outputs/distill_experiments/20260328_133305_ptb_distill_hybrid_lite_balanced,distill_experiments,20260328_133305,ptb_distill_hybrid_lite_balanced,complete,student,ptb,ptb,/workspace/grassmannflows/datasets/ptb_text_only_saved,sentence,disk,1136446,89842,101870,0,256,42,0.02,hybrid_lite,random_init,42,10,32,0.0002,0.01,0.05,192,6,8,48,"1,2,4",1,legacy_batchmean,0.3,,,2.0,25648801,10,124.03535461425781,105.8565673828125,50.11249542236328,/workspace/grassmannflows/grassmann-flows/outputs/hybrid_experiments/20260328_095917_ptb_latefusion_last1_joint,,51cbd3f1796d,d910a150d779,outputs/distill_experiments/20260328_133305_ptb_distill_hybrid_lite_balanced/config.json,outputs/distill_experiments/20260328_133305_ptb_distill_hybrid_lite_balanced/summary.json
outputs/distill_experiments/20260328_134315_ptb_distill_hybrid_lite_mild_hot,distill_experiments,20260328_134315,ptb_distill_hybrid_lite_mild_hot,complete,student,ptb,ptb,/workspace/grassmannflows/datasets/ptb_text_only_saved,sentence,disk,1136446,89842,101870,0,256,42,0.02,hybrid_lite,random_init,42,10,32,0.0002,0.01,0.05,224,6,8,56,"1,2,4",1,legacy_batchmean,0.5,,,4.0,31434257,10,200.1819610595703,171.59022521972656,50.11249542236328,/workspace/grassmannflows/grassmann-flows/outputs/hybrid_experiments/20260328_095917_ptb_latefusion_last1_joint,,74c307001b8f,513ccda80aab,outputs/distill_experiments/20260328_134315_ptb_distill_hybrid_lite_mild_hot/config.json,outputs/distill_experiments/20260328_134315_ptb_distill_hybrid_lite_mild_hot/summary.json
outputs/distill_experiments/20260329_111514_ptb_hybrid_lite_warmstart_ce_only,distill_experiments,20260329_111514,ptb_hybrid_lite_warmstart_ce_only,complete,student,ptb,ptb,/workspace/grassmannflows/datasets/ptb_text_only_saved,sentence,disk,1136446,89842,101870,0,256,42,0.02,hybrid_lite,warm_start,42,10,32,5e-05,0.01,0.05,224,6,8,56,"1,2,4",1,legacy_batchmean,0.0,,,2.0,31434257,1,69.21317291259766,59.07843780517578,50.11249542236328,/workspace/grassmannflows/grassmann-flows/outputs/hybrid_experiments/20260328_095917_ptb_latefusion_last1_joint,outputs/hybrid_experiments/20260328_142654_ptb_hybrid_lite_baseline_mild_e20,032d2da111ca,e4c680355e02,outputs/distill_experiments/20260329_111514_ptb_hybrid_lite_warmstart_ce_only/config.json,outputs/distill_experiments/20260329_111514_ptb_hybrid_lite_warmstart_ce_only/summary.json
outputs/distill_experiments/20260329_112627_ptb_hybrid_lite_warmstart_kd01,distill_experiments,20260329_112627,ptb_hybrid_lite_warmstart_kd01,complete,student,ptb,ptb,/workspace/grassmannflows/datasets/ptb_text_only_saved,sentence,disk,1136446,89842,101870,0,256,42,0.02,hybrid_lite,warm_start,42,10,32,5e-05,0.01,0.05,224,6,8,56,"1,2,4",1,legacy_batchmean,0.1,,,2.0,31434257,9,61.10627746582031,53.13335037231445,50.11249542236328,/workspace/grassmannflows/grassmann-flows/outputs/hybrid_experiments/20260328_095917_ptb_latefusion_last1_joint,outputs/hybrid_experiments/20260328_142654_ptb_hybrid_lite_baseline_mild_e20,88430cc3c410,e4c680355e02,outputs/distill_experiments/20260329_112627_ptb_hybrid_lite_warmstart_kd01/config.json,outputs/distill_experiments/20260329_112627_ptb_hybrid_lite_warmstart_kd01/summary.json
outputs/distill_experiments/20260329_113755_ptb_hybrid_lite_warmstart_kd02,distill_experiments,20260329_113755,ptb_hybrid_lite_warmstart_kd02,complete,student,ptb,ptb,/workspace/grassmannflows/datasets/ptb_text_only_saved,sentence,disk,1136446,89842,101870,0,256,42,0.02,hybrid_lite,warm_start,42,10,32,5e-05,0.01,0.05,224,6,8,56,"1,2,4",1,legacy_batchmean,0.2,,,2.0,31434257,9,61.67790985107422,53.65449142456055,50.11249542236328,/workspace/grassmannflows/grassmann-flows/outputs/hybrid_experiments/20260328_095917_ptb_latefusion_last1_joint,outputs/hybrid_experiments/20260328_142654_ptb_hybrid_lite_baseline_mild_e20,e9c8726b342b,e4c680355e02,outputs/distill_experiments/20260329_113755_ptb_hybrid_lite_warmstart_kd02/config.json,outputs/distill_experiments/20260329_113755_ptb_hybrid_lite_warmstart_kd02/summary.json
outputs/distill_experiments/20260402_112236_ptb_hybrid_lite_warmstart_kd005,distill_experiments,20260402_112236,ptb_hybrid_lite_warmstart_kd005,complete,student,ptb,ptb,/workspace/grassmannflows/datasets/ptb_text_only_saved,sentence,disk,1136446,89842,101870,0,256,42,0.02,hybrid_lite,warm_start,42,10,32,0.0001,0.01,0.05,224,6,8,56,"1,2,4",1,legacy_batchmean,0.05,,,2.0,31434257,9,59.70157241821289,51.84306716918945,50.11249542236328,/workspace/grassmannflows/grassmann-flows/outputs/hybrid_experiments/20260328_095917_ptb_latefusion_last1_joint,outputs/hybrid_experiments/20260328_142654_ptb_hybrid_lite_baseline_mild_e20,03d38079bc86,d2990ed9a65f,outputs/distill_experiments/20260402_112236_ptb_hybrid_lite_warmstart_kd005/config.json,outputs/distill_experiments/20260402_112236_ptb_hybrid_lite_warmstart_kd005/summary.json
outputs/distill_experiments/20260402_113420_ptb_hybrid_lite_warmstart_kd015,distill_experiments,20260402_113420,ptb_hybrid_lite_warmstart_kd015,complete,student,ptb,ptb,/workspace/grassmannflows/datasets/ptb_text_only_saved,sentence,disk,1136446,89842,101870,0,256,42,0.02,hybrid_lite,warm_start,42,10,32,0.0001,0.01,0.05,224,6,8,56,"1,2,4",1,legacy_batchmean,0.15,,,2.0,31434257,9,61.046226501464844,53.05751037597656,50.11249542236328,/workspace/grassmannflows/grassmann-flows/outputs/hybrid_experiments/20260328_095917_ptb_latefusion_last1_joint,outputs/hybrid_experiments/20260328_142654_ptb_hybrid_lite_baseline_mild_e20,da5c00c1cf15,d2990ed9a65f,outputs/distill_experiments/20260402_113420_ptb_hybrid_lite_warmstart_kd015/config.json,outputs/distill_experiments/20260402_113420_ptb_hybrid_lite_warmstart_kd015/summary.json
outputs/distill_experiments/20260402_115939_ptb_hybrid_lite_warmstart_224x56_l4_kd01,distill_experiments,20260402_115939,ptb_hybrid_lite_warmstart_224x56_l4_kd01,complete,student,ptb,ptb,/workspace/grassmannflows/datasets/ptb_text_only_saved,sentence,disk,1136446,89842,101870,0,256,42,0.02,hybrid_lite,warm_start,42,10,32,0.0001,0.01,0.05,224,4,8,56,"1,2,4",1,legacy_batchmean,0.1,,,2.0,28499745,10,61.31488037109375,53.209171295166016,50.11249542236328,/workspace/grassmannflows/grassmann-flows/outputs/hybrid_experiments/20260328_095917_ptb_latefusion_last1_joint,outputs/hybrid_experiments/20260402_114602_ptb_hybrid_lite_baseline_224x56_l4_e20,7c836b900f69,a97cc36cacdf,outputs/distill_experiments/20260402_115939_ptb_hybrid_lite_warmstart_224x56_l4_kd01/config.json,outputs/distill_experiments/20260402_115939_ptb_hybrid_lite_warmstart_224x56_l4_kd01/summary.json
outputs/distill_experiments/20260402_122339_ptb_hybrid_lite_warmstart_192x48_kd01,distill_experiments,20260402_122339,ptb_hybrid_lite_warmstart_192x48_kd01,complete,student,ptb,ptb,/workspace/grassmannflows/datasets/ptb_text_only_saved,sentence,disk,1136446,89842,101870,0,256,42,0.02,hybrid_lite,warm_start,42,10,32,0.0001,0.01,0.05,192,6,8,48,"1,2,4",1,legacy_batchmean,0.1,,,2.0,25648801,9,62.294498443603516,54.244258880615234,50.11249542236328,/workspace/grassmannflows/grassmann-flows/outputs/hybrid_experiments/20260328_095917_ptb_latefusion_last1_joint,outputs/hybrid_experiments/20260402_120905_ptb_hybrid_lite_baseline_192x48_e20,9ebc61aef36b,4d1132a061c2,outputs/distill_experiments/20260402_122339_ptb_hybrid_lite_warmstart_192x48_kd01/config.json,outputs/distill_experiments/20260402_122339_ptb_hybrid_lite_warmstart_192x48_kd01/summary.json
outputs/distill_experiments/20260402_131852_ptb_hybrid_lite_warmstart_192x48_l4_kd005,distill_experiments,20260402_131852,ptb_hybrid_lite_warmstart_192x48_l4_kd005,complete,student,ptb,ptb,/workspace/grassmannflows/datasets/ptb_text_only_saved,sentence,disk,1136446,89842,101870,0,256,42,0.02,hybrid_lite,warm_start,42,10,32,0.0001,0.01,0.05,192,4,8,48,"1,2,4",1,legacy_batchmean,0.05,,,2.0,23565121,9,62.246337890625,53.87188720703125,50.11249542236328,/workspace/grassmannflows/grassmann-flows/outputs/hybrid_experiments/20260328_095917_ptb_latefusion_last1_joint,outputs/hybrid_experiments/20260402_130614_ptb_hybrid_lite_baseline_192x48_l4_e20,7e0a48288061,4e45adf2a38e,outputs/distill_experiments/20260402_131852_ptb_hybrid_lite_warmstart_192x48_l4_kd005/config.json,outputs/distill_experiments/20260402_131852_ptb_hybrid_lite_warmstart_192x48_l4_kd005/summary.json
outputs/distill_experiments/20260402_142019_ptb_hybrid_lite_warmstart_224x56_l6_seed123_kd005,distill_experiments,20260402_142019,ptb_hybrid_lite_warmstart_224x56_l6_seed123_kd005,complete,student,ptb,ptb,/workspace/grassmannflows/datasets/ptb_text_only_saved,sentence,disk,1136446,89842,101870,0,256,42,0.02,hybrid_lite,warm_start,123,10,32,0.0001,0.01,0.05,224,6,8,56,"1,2,4",1,legacy_batchmean,0.05,,,2.0,31434257,10,59.647735595703125,51.8841552734375,50.11249542236328,/workspace/grassmannflows/grassmann-flows/outputs/hybrid_experiments/20260328_095917_ptb_latefusion_last1_joint,outputs/hybrid_experiments/20260402_140126_ptb_hybrid_lite_baseline_224x56_l6_seed123_e20,03d38079bc86,d2990ed9a65f,outputs/distill_experiments/20260402_142019_ptb_hybrid_lite_warmstart_224x56_l6_seed123_kd005/config.json,outputs/distill_experiments/20260402_142019_ptb_hybrid_lite_warmstart_224x56_l6_seed123_kd005/summary.json
outputs/distill_experiments/20260402_142405_ptb_hybrid_lite_warmstart_192x48_l4_seed123_kd005,distill_experiments,20260402_142405,ptb_hybrid_lite_warmstart_192x48_l4_seed123_kd005,complete,student,ptb,ptb,/workspace/grassmannflows/datasets/ptb_text_only_saved,sentence,disk,1136446,89842,101870,0,256,42,0.02,hybrid_lite,warm_start,123,10,32,0.0001,0.01,0.05,192,4,8,48,"1,2,4",1,legacy_batchmean,0.05,,,2.0,23565121,10,62.319427490234375,53.99374771118164,50.11249542236328,/workspace/grassmannflows/grassmann-flows/outputs/hybrid_experiments/20260328_095917_ptb_latefusion_last1_joint,outputs/hybrid_experiments/20260402_140739_ptb_hybrid_lite_baseline_192x48_l4_seed123_e20,7e0a48288061,4e45adf2a38e,outputs/distill_experiments/20260402_142405_ptb_hybrid_lite_warmstart_192x48_l4_seed123_kd005/config.json,outputs/distill_experiments/20260402_142405_ptb_hybrid_lite_warmstart_192x48_l4_seed123_kd005/summary.json
outputs/distill_experiments/20260402_142442_ptb_hybrid_lite_warmstart_224x56_l6_seed456_kd005,distill_experiments,20260402_142442,ptb_hybrid_lite_warmstart_224x56_l6_seed456_kd005,complete,student,ptb,ptb,/workspace/grassmannflows/datasets/ptb_text_only_saved,sentence,disk,1136446,89842,101870,0,256,42,0.02,hybrid_lite,warm_start,456,10,32,0.0001,0.01,0.05,224,6,8,56,"1,2,4",1,legacy_batchmean,0.05,,,2.0,31434257,9,59.65237045288086,51.77447509765625,50.11249542236328,/workspace/grassmannflows/grassmann-flows/outputs/hybrid_experiments/20260328_095917_ptb_latefusion_last1_joint,outputs/hybrid_experiments/20260402_140326_ptb_hybrid_lite_baseline_224x56_l6_seed456_e20,03d38079bc86,d2990ed9a65f,outputs/distill_experiments/20260402_142442_ptb_hybrid_lite_warmstart_224x56_l6_seed456_kd005/config.json,outputs/distill_experiments/20260402_142442_ptb_hybrid_lite_warmstart_224x56_l6_seed456_kd005/summary.json
outputs/distill_experiments/20260402_144420_ptb_hybrid_lite_warmstart_192x48_l4_seed456_kd005,distill_experiments,20260402_144420,ptb_hybrid_lite_warmstart_192x48_l4_seed456_kd005,complete,student,ptb,ptb,/workspace/grassmannflows/datasets/ptb_text_only_saved,sentence,disk,1136446,89842,101870,0,256,42,0.02,hybrid_lite,warm_start,456,10,32,0.0001,0.01,0.05,192,4,8,48,"1,2,4",1,legacy_batchmean,0.05,,,2.0,23565121,10,62.1296501159668,53.8760871887207,50.11249542236328,/workspace/grassmannflows/grassmann-flows/outputs/hybrid_experiments/20260328_095917_ptb_latefusion_last1_joint,outputs/hybrid_experiments/20260402_143306_ptb_hybrid_lite_baseline_192x48_l4_seed456_e20,7e0a48288061,4e45adf2a38e,outputs/distill_experiments/20260402_144420_ptb_hybrid_lite_warmstart_192x48_l4_seed456_kd005/config.json,outputs/distill_experiments/20260402_144420_ptb_hybrid_lite_warmstart_192x48_l4_seed456_kd005/summary.json
outputs/distill_experiments/20260413_055323_smoke_ptb_hybrid_lite_warmstart_224x56_l4_kd005,distill_experiments,20260413_055323,smoke_ptb_hybrid_lite_warmstart_224x56_l4_kd005,complete,student,ptb,ptb,/workspace/grassmannflows/datasets/ptb_text_only_saved,sentence,disk,545973,89842,101870,20000,256,42,0.02,hybrid_lite,warm_start,42,1,32,0.0001,0.01,0.05,224,4,8,56,"1,2,4",1,legacy_batchmean,0.05,,,2.0,28499745,1,63.64305877685547,54.70097732543945,50.11249542236328,/workspace/grassmannflows/grassmann-flows/outputs/hybrid_experiments/20260328_095917_ptb_latefusion_last1_joint,outputs/hybrid_experiments/20260402_114602_ptb_hybrid_lite_baseline_224x56_l4_e20,5afbeddfa8b8,65c95ce1e8b9,outputs/distill_experiments/20260413_055323_smoke_ptb_hybrid_lite_warmstart_224x56_l4_kd005/config.json,outputs/distill_experiments/20260413_055323_smoke_ptb_hybrid_lite_warmstart_224x56_l4_kd005/summary.json
outputs/distill_experiments/20260413_055428_ptb_hybrid_lite_warmstart_224x56_l4_kd005,distill_experiments,20260413_055428,ptb_hybrid_lite_warmstart_224x56_l4_kd005,complete,student,ptb,ptb,/workspace/grassmannflows/datasets/ptb_text_only_saved,sentence,disk,1136446,89842,101870,0,256,42,0.02,hybrid_lite,warm_start,42,10,32,0.0001,0.01,0.05,224,4,8,56,"1,2,4",1,legacy_batchmean,0.05,,,2.0,28499745,10,60.529903411865234,52.466922760009766,50.11249542236328,/workspace/grassmannflows/grassmann-flows/outputs/hybrid_experiments/20260328_095917_ptb_latefusion_last1_joint,outputs/hybrid_experiments/20260402_114602_ptb_hybrid_lite_baseline_224x56_l4_e20,3fef87aa3295,a97cc36cacdf,outputs/distill_experiments/20260413_055428_ptb_hybrid_lite_warmstart_224x56_l4_kd005/config.json,outputs/distill_experiments/20260413_055428_ptb_hybrid_lite_warmstart_224x56_l4_kd005/summary.json
outputs/distill_experiments/20260413_055429_ptb_hybrid_lite_warmstart_192x48_l6_kd005,distill_experiments,20260413_055429,ptb_hybrid_lite_warmstart_192x48_l6_kd005,config_only,,ptb,ptb,/workspace/grassmannflows/datasets/ptb_text_only_saved,sentence,disk,1136446,89842,101870,0,256,42,0.02,hybrid_lite,warm_start,42,10,32,0.0001,0.01,0.05,192,6,8,48,"1,2,4",1,legacy_batchmean,0.05,,,2.0,,,,,,/workspace/grassmannflows/grassmann-flows/outputs/hybrid_experiments/20260328_095917_ptb_latefusion_last1_joint,outputs/hybrid_experiments/20260402_120905_ptb_hybrid_lite_baseline_192x48_e20,161f429af7e0,3285d67585af,outputs/distill_experiments/20260413_055429_ptb_hybrid_lite_warmstart_192x48_l6_kd005/config.json,
outputs/distill_experiments/20260413_061235_ptb_hybrid_lite_warmstart_192x48_l6_kd005,distill_experiments,20260413_061235,ptb_hybrid_lite_warmstart_192x48_l6_kd005,complete,student,ptb,ptb,/workspace/grassmannflows/datasets/ptb_text_only_saved,sentence,disk,1136446,89842,101870,0,256,42,0.02,hybrid_lite,warm_start,42,10,32,0.0001,0.01,0.05,192,6,8,48,"1,2,4",1,legacy_batchmean,0.05,,,2.0,25648801,9,61.54188919067383,53.56599044799805,50.11249542236328,/workspace/grassmannflows/grassmann-flows/outputs/hybrid_experiments/20260328_095917_ptb_latefusion_last1_joint,outputs/hybrid_experiments/20260402_120905_ptb_hybrid_lite_baseline_192x48_e20,0d8d5ab956a4,4d1132a061c2,outputs/distill_experiments/20260413_061235_ptb_hybrid_lite_warmstart_192x48_l6_kd005/config.json,outputs/distill_experiments/20260413_061235_ptb_hybrid_lite_warmstart_192x48_l6_kd005/summary.json
outputs/distill_experiments/20260413_080322_smoke_ptb_l6_twostage_stage1_kd005,distill_experiments,20260413_080322,smoke_ptb_l6_twostage_stage1_kd005,complete,student,ptb,ptb,/workspace/grassmannflows/datasets/ptb_text_only_saved,sentence,disk,545973,89842,101870,20000,256,42,0.02,hybrid_lite,warm_start,42,1,32,0.0001,0.01,0.05,224,6,8,56,"1,2,4",1,legacy_batchmean,0.05,,,2.0,31434257,1,62.14659881591797,53.63716125488281,50.11249542236328,/workspace/grassmannflows/grassmann-flows/outputs/hybrid_experiments/20260328_095917_ptb_latefusion_last1_joint,outputs/hybrid_experiments/20260328_142654_ptb_hybrid_lite_baseline_mild_e20,2192359e0026,5bdb110c4ee5,outputs/distill_experiments/20260413_080322_smoke_ptb_l6_twostage_stage1_kd005/config.json,outputs/distill_experiments/20260413_080322_smoke_ptb_l6_twostage_stage1_kd005/summary.json
outputs/distill_experiments/20260413_080422_smoke_ptb_l6_twostage_stage2_a002,distill_experiments,20260413_080422,smoke_ptb_l6_twostage_stage2_a002,complete,student,ptb,ptb,/workspace/grassmannflows/datasets/ptb_text_only_saved,sentence,disk,545973,89842,101870,20000,256,42,0.02,hybrid_lite,warm_start,42,1,32,5e-05,0.01,0.05,224,6,8,56,"1,2,4",1,legacy_batchmean,0.02,,,2.0,31434257,1,62.05814743041992,53.500667572021484,50.11249542236328,/workspace/grassmannflows/grassmann-flows/outputs/hybrid_experiments/20260328_095917_ptb_latefusion_last1_joint,outputs/hybrid_experiments/20260413_080322_smoke_ptb_l6_twostage_stage1_kd005_as_init,38128797238f,2546847bf46e,outputs/distill_experiments/20260413_080422_smoke_ptb_l6_twostage_stage2_a002/config.json,outputs/distill_experiments/20260413_080422_smoke_ptb_l6_twostage_stage2_a002/summary.json
outputs/distill_experiments/20260413_080613_ptb_hybrid_lite_warmstart_l6_stage1_kd005_e6,distill_experiments,20260413_080613,ptb_hybrid_lite_warmstart_l6_stage1_kd005_e6,complete,student,ptb,ptb,/workspace/grassmannflows/datasets/ptb_text_only_saved,sentence,disk,1136446,89842,101870,0,256,42,0.02,hybrid_lite,warm_start,42,6,32,0.0001,0.01,0.05,224,6,8,56,"1,2,4",1,legacy_batchmean,0.05,,,2.0,31434257,6,60.322792053222656,52.38089370727539,50.11249542236328,/workspace/grassmannflows/grassmann-flows/outputs/hybrid_experiments/20260328_095917_ptb_latefusion_last1_joint,outputs/hybrid_experiments/20260328_142654_ptb_hybrid_lite_baseline_mild_e20,113882d096a4,c7b1f7e5c61f,outputs/distill_experiments/20260413_080613_ptb_hybrid_lite_warmstart_l6_stage1_kd005_e6/config.json,outputs/distill_experiments/20260413_080613_ptb_hybrid_lite_warmstart_l6_stage1_kd005_e6/summary.json
outputs/distill_experiments/20260413_081522_ptb_hybrid_lite_warmstart_l6_stage2_a000_e4,distill_experiments,20260413_081522,ptb_hybrid_lite_warmstart_l6_stage2_a000_e4,complete,student,ptb,ptb,/workspace/grassmannflows/datasets/ptb_text_only_saved,sentence,disk,1136446,89842,101870,0,256,42,0.02,hybrid_lite,warm_start,42,4,32,5e-05,0.01,0.05,224,6,8,56,"1,2,4",1,legacy_batchmean,0.0,,,2.0,31434257,1,64.1350326538086,54.94624328613281,50.11249542236328,/workspace/grassmannflows/grassmann-flows/outputs/hybrid_experiments/20260328_095917_ptb_latefusion_last1_joint,outputs/hybrid_experiments/20260413_080613_ptb_hybrid_lite_warmstart_l6_stage1_kd005_e6_as_init,90a4f0050633,15090f0b0ed0,outputs/distill_experiments/20260413_081522_ptb_hybrid_lite_warmstart_l6_stage2_a000_e4/config.json,outputs/distill_experiments/20260413_081522_ptb_hybrid_lite_warmstart_l6_stage2_a000_e4/summary.json
outputs/distill_experiments/20260413_081522_ptb_hybrid_lite_warmstart_l6_stage2_a002_e4,distill_experiments,20260413_081522,ptb_hybrid_lite_warmstart_l6_stage2_a002_e4,complete,student,ptb,ptb,/workspace/grassmannflows/datasets/ptb_text_only_saved,sentence,disk,1136446,89842,101870,0,256,42,0.02,hybrid_lite,warm_start,42,4,32,5e-05,0.01,0.05,224,6,8,56,"1,2,4",1,legacy_batchmean,0.02,,,2.0,31434257,3,59.670833587646484,51.650516510009766,50.11249542236328,/workspace/grassmannflows/grassmann-flows/outputs/hybrid_experiments/20260328_095917_ptb_latefusion_last1_joint,outputs/hybrid_experiments/20260413_080613_ptb_hybrid_lite_warmstart_l6_stage1_kd005_e6_as_init,7b072ccbb963,15090f0b0ed0,outputs/distill_experiments/20260413_081522_ptb_hybrid_lite_warmstart_l6_stage2_a002_e4/config.json,outputs/distill_experiments/20260413_081522_ptb_hybrid_lite_warmstart_l6_stage2_a002_e4/summary.json
outputs/distill_experiments/20260413_083136_ptb_hybrid_lite_warmstart_l6_stage2_a001_e4,distill_experiments,20260413_083136,ptb_hybrid_lite_warmstart_l6_stage2_a001_e4,complete,student,ptb,ptb,/workspace/grassmannflows/datasets/ptb_text_only_saved,sentence,disk,1136446,89842,101870,0,256,42,0.02,hybrid_lite,warm_start,42,4,32,5e-05,0.01,0.05,224,6,8,56,"1,2,4",1,legacy_batchmean,0.01,,,2.0,31434257,3,60.2025032043457,51.9420051574707,50.11249542236328,/workspace/grassmannflows/grassmann-flows/outputs/hybrid_experiments/20260328_095917_ptb_latefusion_last1_joint,outputs/hybrid_experiments/20260413_080613_ptb_hybrid_lite_warmstart_l6_stage1_kd005_e6_as_init,720b3cd78f7b,15090f0b0ed0,outputs/distill_experiments/20260413_083136_ptb_hybrid_lite_warmstart_l6_stage2_a001_e4/config.json,outputs/distill_experiments/20260413_083136_ptb_hybrid_lite_warmstart_l6_stage2_a001_e4/summary.json
outputs/distill_experiments/20260413_084505_ptb_hybrid_lite_warmstart_l6_stage1_kd005_e6_seed123,distill_experiments,20260413_084505,ptb_hybrid_lite_warmstart_l6_stage1_kd005_e6_seed123,complete,student,ptb,ptb,/workspace/grassmannflows/datasets/ptb_text_only_saved,sentence,disk,1136446,89842,101870,0,256,42,0.02,hybrid_lite,warm_start,123,6,32,0.0001,0.01,0.05,224,6,8,56,"1,2,4",1,legacy_batchmean,0.05,,,2.0,31434257,6,60.314735412597656,52.378257751464844,50.11249542236328,/workspace/grassmannflows/grassmann-flows/outputs/hybrid_experiments/20260328_095917_ptb_latefusion_last1_joint,outputs/hybrid_experiments/20260328_142654_ptb_hybrid_lite_baseline_mild_e20,113882d096a4,c7b1f7e5c61f,outputs/distill_experiments/20260413_084505_ptb_hybrid_lite_warmstart_l6_stage1_kd005_e6_seed123/config.json,outputs/distill_experiments/20260413_084505_ptb_hybrid_lite_warmstart_l6_stage1_kd005_e6_seed123/summary.json
outputs/distill_experiments/20260413_084505_ptb_hybrid_lite_warmstart_l6_stage1_kd005_e6_seed456,distill_experiments,20260413_084505,ptb_hybrid_lite_warmstart_l6_stage1_kd005_e6_seed456,complete,student,ptb,ptb,/workspace/grassmannflows/datasets/ptb_text_only_saved,sentence,disk,1136446,89842,101870,0,256,42,0.02,hybrid_lite,warm_start,456,6,32,0.0001,0.01,0.05,224,6,8,56,"1,2,4",1,legacy_batchmean,0.05,,,2.0,31434257,6,60.299007415771484,52.3794059753418,50.11249542236328,/workspace/grassmannflows/grassmann-flows/outputs/hybrid_experiments/20260328_095917_ptb_latefusion_last1_joint,outputs/hybrid_experiments/20260328_142654_ptb_hybrid_lite_baseline_mild_e20,113882d096a4,c7b1f7e5c61f,outputs/distill_experiments/20260413_084505_ptb_hybrid_lite_warmstart_l6_stage1_kd005_e6_seed456/config.json,outputs/distill_experiments/20260413_084505_ptb_hybrid_lite_warmstart_l6_stage1_kd005_e6_seed456/summary.json
outputs/distill_experiments/20260413_085211_ptb_hybrid_lite_warmstart_l6_stage2_a002_e4_seed456,distill_experiments,20260413_085211,ptb_hybrid_lite_warmstart_l6_stage2_a002_e4_seed456,complete,student,ptb,ptb,/workspace/grassmannflows/datasets/ptb_text_only_saved,sentence,disk,1136446,89842,101870,0,256,42,0.02,hybrid_lite,warm_start,456,4,32,5e-05,0.01,0.05,224,6,8,56,"1,2,4",1,legacy_batchmean,0.02,,,2.0,31434257,4,59.65299606323242,51.65524673461914,50.11249542236328,/workspace/grassmannflows/grassmann-flows/outputs/hybrid_experiments/20260328_095917_ptb_latefusion_last1_joint,outputs/hybrid_experiments/20260413_084505_ptb_hybrid_lite_warmstart_l6_stage1_kd005_e6_seed456_as_init,7b072ccbb963,15090f0b0ed0,outputs/distill_experiments/20260413_085211_ptb_hybrid_lite_warmstart_l6_stage2_a002_e4_seed456/config.json,outputs/distill_experiments/20260413_085211_ptb_hybrid_lite_warmstart_l6_stage2_a002_e4_seed456/summary.json
outputs/distill_experiments/20260413_085235_ptb_hybrid_lite_warmstart_l6_stage2_a002_e4_seed123,distill_experiments,20260413_085235,ptb_hybrid_lite_warmstart_l6_stage2_a002_e4_seed123,complete,student,ptb,ptb,/workspace/grassmannflows/datasets/ptb_text_only_saved,sentence,disk,1136446,89842,101870,0,256,42,0.02,hybrid_lite,warm_start,123,4,32,5e-05,0.01,0.05,224,6,8,56,"1,2,4",1,legacy_batchmean,0.02,,,2.0,31434257,3,59.6718864440918,51.657352447509766,50.11249542236328,/workspace/grassmannflows/grassmann-flows/outputs/hybrid_experiments/20260328_095917_ptb_latefusion_last1_joint,outputs/hybrid_experiments/20260413_084505_ptb_hybrid_lite_warmstart_l6_stage1_kd005_e6_seed123_as_init,7b072ccbb963,15090f0b0ed0,outputs/distill_experiments/20260413_085235_ptb_hybrid_lite_warmstart_l6_stage2_a002_e4_seed123/config.json,outputs/distill_experiments/20260413_085235_ptb_hybrid_lite_warmstart_l6_stage2_a002_e4_seed123/summary.json
outputs/distill_experiments/20260413_085354_ptb_transformer_l6_stage1_kd005_e1_seed789_smoke,distill_experiments,20260413_085354,ptb_transformer_l6_stage1_kd005_e1_seed789_smoke,config_only,,ptb,ptb,/workspace/grassmannflows/datasets/ptb_text_only_saved,sentence,disk,1136446,89842,101870,0,256,42,0.02,transformer,random_init,789,1,32,0.0001,0.01,0.05,224,6,8,56,"1,2,4",1,legacy_batchmean,0.05,,,2.0,,,,,,/workspace/grassmannflows/grassmann-flows/outputs/hybrid_experiments/20260328_095917_ptb_latefusion_last1_joint,,8c958959f2dd,5c99c56f4ca3,outputs/distill_experiments/20260413_085354_ptb_transformer_l6_stage1_kd005_e1_seed789_smoke/config.json,
outputs/distill_experiments/20260413_085953_ptb_transformer_l6_stage1_kd005_e1_seed790_smoke_g2,distill_experiments,20260413_085953,ptb_transformer_l6_stage1_kd005_e1_seed790_smoke_g2,complete,student,ptb,ptb,/workspace/grassmannflows/datasets/ptb_text_only_saved,sentence,disk,1136446,89842,101870,0,256,42,0.02,transformer,random_init,790,1,32,0.0001,0.01,0.05,224,6,8,56,"1,2,4",1,legacy_batchmean,0.05,,,2.0,14945504,1,6502.900390625,6044.5078125,50.11249542236328,/workspace/grassmannflows/grassmann-flows/outputs/hybrid_experiments/20260328_095917_ptb_latefusion_last1_joint,,940cc64f986a,166b31976865,outputs/distill_experiments/20260413_085953_ptb_transformer_l6_stage1_kd005_e1_seed790_smoke_g2/config.json,outputs/distill_experiments/20260413_085953_ptb_transformer_l6_stage1_kd005_e1_seed790_smoke_g2/summary.json
outputs/distill_experiments/20260413_090033_ptb_transformer_l6_stage2_a002_e1_seed790_smoke_g2,distill_experiments,20260413_090033,ptb_transformer_l6_stage2_a002_e1_seed790_smoke_g2,complete,student,ptb,ptb,/workspace/grassmannflows/datasets/ptb_text_only_saved,sentence,disk,1136446,89842,101870,0,256,42,0.02,transformer,warm_start,790,1,32,5e-05,0.01,0.05,224,6,8,56,"1,2,4",1,legacy_batchmean,0.02,,,2.0,14945504,1,3555.535400390625,3262.0302734375,50.11249542236328,/workspace/grassmannflows/grassmann-flows/outputs/hybrid_experiments/20260328_095917_ptb_latefusion_last1_joint,outputs/transformer_experiments/20260413_085953_ptb_transformer_l6_stage1_kd005_e1_seed790_smoke_g2_as_init,29b965307846,375c8beb9c21,outputs/distill_experiments/20260413_090033_ptb_transformer_l6_stage2_a002_e1_seed790_smoke_g2/config.json,outputs/distill_experiments/20260413_090033_ptb_transformer_l6_stage2_a002_e1_seed790_smoke_g2/summary.json
outputs/distill_experiments/20260413_090220_ptb_transformer_l6_stage1_kd000_e6_seed790,distill_experiments,20260413_090220,ptb_transformer_l6_stage1_kd000_e6_seed790,complete,student,ptb,ptb,/workspace/grassmannflows/datasets/ptb_text_only_saved,sentence,disk,1136446,89842,101870,0,256,42,0.02,transformer,random_init,790,6,32,0.0001,0.01,0.05,224,6,8,56,"1,2,4",1,legacy_batchmean,0.0,,,2.0,14945504,6,271.6855163574219,233.31016540527344,50.11249542236328,/workspace/grassmannflows/grassmann-flows/outputs/hybrid_experiments/20260328_095917_ptb_latefusion_last1_joint,,bcba59a6f901,8cb24026515f,outputs/distill_experiments/20260413_090220_ptb_transformer_l6_stage1_kd000_e6_seed790/config.json,outputs/distill_experiments/20260413_090220_ptb_transformer_l6_stage1_kd000_e6_seed790/summary.json
outputs/distill_experiments/20260413_090221_ptb_transformer_l6_stage1_kd005_e6_seed790,distill_experiments,20260413_090221,ptb_transformer_l6_stage1_kd005_e6_seed790,complete,student,ptb,ptb,/workspace/grassmannflows/datasets/ptb_text_only_saved,sentence,disk,1136446,89842,101870,0,256,42,0.02,transformer,random_init,790,6,32,0.0001,0.01,0.05,224,6,8,56,"1,2,4",1,legacy_batchmean,0.05,,,2.0,14945504,6,386.6102294921875,329.7093811035156,50.11249542236328,/workspace/grassmannflows/grassmann-flows/outputs/hybrid_experiments/20260328_095917_ptb_latefusion_last1_joint,,a7954cfc835c,8cb24026515f,outputs/distill_experiments/20260413_090221_ptb_transformer_l6_stage1_kd005_e6_seed790/config.json,outputs/distill_experiments/20260413_090221_ptb_transformer_l6_stage1_kd005_e6_seed790/summary.json
outputs/distill_experiments/20260413_090510_ptb_transformer_l6_stage2_a002_e4_seed790,distill_experiments,20260413_090510,ptb_transformer_l6_stage2_a002_e4_seed790,complete,student,ptb,ptb,/workspace/grassmannflows/datasets/ptb_text_only_saved,sentence,disk,1136446,89842,101870,0,256,42,0.02,transformer,warm_start,790,4,32,5e-05,0.01,0.05,224,6,8,56,"1,2,4",1,legacy_batchmean,0.02,,,2.0,14945504,4,247.9857940673828,212.2998809814453,50.11249542236328,/workspace/grassmannflows/grassmann-flows/outputs/hybrid_experiments/20260328_095917_ptb_latefusion_last1_joint,outputs/transformer_experiments/20260413_090221_ptb_transformer_l6_stage1_kd005_e6_seed790_as_init,367168bde5c0,3c01d5fa18cc,outputs/distill_experiments/20260413_090510_ptb_transformer_l6_stage2_a002_e4_seed790/config.json,outputs/distill_experiments/20260413_090510_ptb_transformer_l6_stage2_a002_e4_seed790/summary.json
outputs/distill_experiments/20260413_090512_ptb_transformer_l6_stage2_a001_e4_seed790,distill_experiments,20260413_090512,ptb_transformer_l6_stage2_a001_e4_seed790,complete,student,ptb,ptb,/workspace/grassmannflows/datasets/ptb_text_only_saved,sentence,disk,1136446,89842,101870,0,256,42,0.02,transformer,warm_start,790,4,32,5e-05,0.01,0.05,224,6,8,56,"1,2,4",1,legacy_batchmean,0.01,,,2.0,14945504,4,209.329833984375,179.65435791015625,50.11249542236328,/workspace/grassmannflows/grassmann-flows/outputs/hybrid_experiments/20260328_095917_ptb_latefusion_last1_joint,outputs/transformer_experiments/20260413_090220_ptb_transformer_l6_stage1_kd000_e6_seed790_as_init,dba6fc09cf05,3c01d5fa18cc,outputs/distill_experiments/20260413_090512_ptb_transformer_l6_stage2_a001_e4_seed790/config.json,outputs/distill_experiments/20260413_090512_ptb_transformer_l6_stage2_a001_e4_seed790/summary.json
outputs/distill_experiments/20260413_091432_ptb_grassmann_l6_stage1_kd000_e6_seed792,distill_experiments,20260413_091432,ptb_grassmann_l6_stage1_kd000_e6_seed792,complete,student,ptb,ptb,/workspace/grassmannflows/datasets/ptb_text_only_saved,sentence,disk,1136446,89842,101870,0,256,42,0.02,grassmann,random_init,792,6,32,0.0001,0.01,0.05,224,6,8,56,"1,2,4",1,legacy_batchmean,0.0,,,2.0,16488752,6,288.7703552246094,247.4287567138672,50.11249542236328,/workspace/grassmannflows/grassmann-flows/outputs/hybrid_experiments/20260328_095917_ptb_latefusion_last1_joint,,9f5b6e4ffb06,8a663d5d39e4,outputs/distill_experiments/20260413_091432_ptb_grassmann_l6_stage1_kd000_e6_seed792/config.json,outputs/distill_experiments/20260413_091432_ptb_grassmann_l6_stage1_kd000_e6_seed792/summary.json
outputs/distill_experiments/20260413_091432_ptb_grassmann_l6_stage1_kd005_e6_seed792,distill_experiments,20260413_091432,ptb_grassmann_l6_stage1_kd005_e6_seed792,complete,student,ptb,ptb,/workspace/grassmannflows/datasets/ptb_text_only_saved,sentence,disk,1136446,89842,101870,0,256,42,0.02,grassmann,random_init,792,6,32,0.0001,0.01,0.05,224,6,8,56,"1,2,4",1,legacy_batchmean,0.05,,,2.0,16488752,6,395.18817138671875,337.78338623046875,50.11249542236328,/workspace/grassmannflows/grassmann-flows/outputs/hybrid_experiments/20260328_095917_ptb_latefusion_last1_joint,,395bcc258dfc,8a663d5d39e4,outputs/distill_experiments/20260413_091432_ptb_grassmann_l6_stage1_kd005_e6_seed792/config.json,outputs/distill_experiments/20260413_091432_ptb_grassmann_l6_stage1_kd005_e6_seed792/summary.json
outputs/distill_experiments/20260413_092038_ptb_grassmann_l6_stage2_a002_e4_seed792,distill_experiments,20260413_092038,ptb_grassmann_l6_stage2_a002_e4_seed792,complete,student,ptb,ptb,/workspace/grassmannflows/datasets/ptb_text_only_saved,sentence,disk,1136446,89842,101870,0,256,42,0.02,grassmann,warm_start,792,4,32,5e-05,0.01,0.05,224,6,8,56,"1,2,4",1,legacy_batchmean,0.02,,,2.0,16488752,4,249.9282684326172,212.08718872070312,50.11249542236328,/workspace/grassmannflows/grassmann-flows/outputs/hybrid_experiments/20260328_095917_ptb_latefusion_last1_joint,outputs/experiments/20260413_091432_ptb_grassmann_l6_stage1_kd005_e6_seed792_as_init,185701423f5b,d01f10546871,outputs/distill_experiments/20260413_092038_ptb_grassmann_l6_stage2_a002_e4_seed792/config.json,outputs/distill_experiments/20260413_092038_ptb_grassmann_l6_stage2_a002_e4_seed792/summary.json
outputs/distill_experiments/20260413_092056_ptb_grassmann_l6_stage2_a001_e4_seed792,distill_experiments,20260413_092056,ptb_grassmann_l6_stage2_a001_e4_seed792,complete,student,ptb,ptb,/workspace/grassmannflows/datasets/ptb_text_only_saved,sentence,disk,1136446,89842,101870,0,256,42,0.02,grassmann,warm_start,792,4,32,5e-05,0.01,0.05,224,6,8,56,"1,2,4",1,legacy_batchmean,0.01,,,2.0,16488752,4,220.83453369140625,187.63140869140625,50.11249542236328,/workspace/grassmannflows/grassmann-flows/outputs/hybrid_experiments/20260328_095917_ptb_latefusion_last1_joint,outputs/experiments/20260413_091432_ptb_grassmann_l6_stage1_kd000_e6_seed792_as_init,630b9c5366b0,d01f10546871,outputs/distill_experiments/20260413_092056_ptb_grassmann_l6_stage2_a001_e4_seed792/config.json,outputs/distill_experiments/20260413_092056_ptb_grassmann_l6_stage2_a001_e4_seed792/summary.json
outputs/distill_experiments/20260515_014145_wt2_random_init_kd005,distill_experiments,20260515_014145,wt2_random_init_kd005,complete,student,wikitext2,wikitext2,/workspace/grassmannflows/datasets/wikitext2_v1_saved,text,disk,2401115,253809,290257,0,256,42,0.02,hybrid_lite,random_init,42,10,32,0.0001,0.01,0.05,224,6,8,56,"1,2,4",1,legacy_batchmean,0.05,,,2.0,31434257,10,138.17706298828125,123.16990661621094,66.86634826660156,/workspace/grassmannflows/grassmann-flows/outputs/hybrid_experiments/20260328_080104_wt2_hybrid_alpha_joint,,5877fd724028,642b5a9147b6,outputs/distill_experiments/20260515_014145_wt2_random_init_kd005/config.json,outputs/distill_experiments/20260515_014145_wt2_random_init_kd005/summary.json
outputs/distill_experiments/20260515_014145_wt2_warmstart_ce_only,distill_experiments,20260515_014145,wt2_warmstart_ce_only,complete,student,wikitext2,wikitext2,/workspace/grassmannflows/datasets/wikitext2_v1_saved,text,disk,2401115,253809,290257,0,256,42,0.02,hybrid_lite,warm_start,42,10,32,0.0001,0.01,0.05,224,6,8,56,"1,2,4",1,legacy_batchmean,0.0,,,2.0,31434257,1,80.0902328491211,71.57475280761719,66.86634826660156,/workspace/grassmannflows/grassmann-flows/outputs/hybrid_experiments/20260328_080104_wt2_hybrid_alpha_joint,outputs/hybrid_experiments/20260515_004119_wt2_hybrid_lite_baseline_224x56_l6_e20,e87c8744f43b,f3db0af7820c,outputs/distill_experiments/20260515_014145_wt2_warmstart_ce_only/config.json,outputs/distill_experiments/20260515_014145_wt2_warmstart_ce_only/summary.json
outputs/distill_experiments/20260515_014145_wt2_warmstart_kd005,distill_experiments,20260515_014145,wt2_warmstart_kd005,complete,student,wikitext2,wikitext2,/workspace/grassmannflows/datasets/wikitext2_v1_saved,text,disk,2401115,253809,290257,0,256,42,0.02,hybrid_lite,warm_start,42,10,32,0.0001,0.01,0.05,224,6,8,56,"1,2,4",1,legacy_batchmean,0.05,,,2.0,31434257,9,70.16590881347656,62.9957275390625,66.86634826660156,/workspace/grassmannflows/grassmann-flows/outputs/hybrid_experiments/20260328_080104_wt2_hybrid_alpha_joint,outputs/hybrid_experiments/20260515_004119_wt2_hybrid_lite_baseline_224x56_l6_e20,2a7efee4edf4,f3db0af7820c,outputs/distill_experiments/20260515_014145_wt2_warmstart_kd005/config.json,outputs/distill_experiments/20260515_014145_wt2_warmstart_kd005/summary.json
outputs/distill_experiments/20260515_014145_wt2_warmstart_kd010,distill_experiments,20260515_014145,wt2_warmstart_kd010,config_only,,wikitext2,wikitext2,/workspace/grassmannflows/datasets/wikitext2_v1_saved,text,disk,2401115,253809,290257,0,256,42,0.02,hybrid_lite,warm_start,42,10,32,0.0001,0.01,0.05,224,6,8,56,"1,2,4",1,legacy_batchmean,0.1,,,2.0,,,,,,/workspace/grassmannflows/grassmann-flows/outputs/hybrid_experiments/20260328_080104_wt2_hybrid_alpha_joint,outputs/hybrid_experiments/20260515_004119_wt2_hybrid_lite_baseline_224x56_l6_e20,1ad8a24f3bfd,08df1183e1dc,outputs/distill_experiments/20260515_014145_wt2_warmstart_kd010/config.json,
outputs/distill_experiments/20260515_015700_wt2_warmstart_kd002,distill_experiments,20260515_015700,wt2_warmstart_kd002,config_only,,wikitext2,wikitext2,/workspace/grassmannflows/datasets/wikitext2_v1_saved,text,disk,2401115,253809,290257,0,256,42,0.02,hybrid_lite,warm_start,42,10,32,0.0001,0.01,0.05,224,6,8,56,"1,2,4",1,legacy_batchmean,0.02,,,2.0,,,,,,/workspace/grassmannflows/grassmann-flows/outputs/hybrid_experiments/20260328_080104_wt2_hybrid_alpha_joint,outputs/hybrid_experiments/20260515_004119_wt2_hybrid_lite_baseline_224x56_l6_e20,d5c1ccc72839,08df1183e1dc,outputs/distill_experiments/20260515_015700_wt2_warmstart_kd002/config.json,
outputs/distill_experiments/20260515_015701_wt2_warmstart_kd020,distill_experiments,20260515_015701,wt2_warmstart_kd020,config_only,,wikitext2,wikitext2,/workspace/grassmannflows/datasets/wikitext2_v1_saved,text,disk,2401115,253809,290257,0,256,42,0.02,hybrid_lite,warm_start,42,10,32,0.0001,0.01,0.05,224,6,8,56,"1,2,4",1,legacy_batchmean,0.2,,,2.0,,,,,,/workspace/grassmannflows/grassmann-flows/outputs/hybrid_experiments/20260328_080104_wt2_hybrid_alpha_joint,outputs/hybrid_experiments/20260515_004119_wt2_hybrid_lite_baseline_224x56_l6_e20,3b8e0a67a592,08df1183e1dc,outputs/distill_experiments/20260515_015701_wt2_warmstart_kd020/config.json,
outputs/distill_experiments/20260515_020932_wt2_warmstart_kd002,distill_experiments,20260515_020932,wt2_warmstart_kd002,config_only,,wikitext2,wikitext2,/workspace/grassmannflows/datasets/wikitext2_v1_saved,text,disk,2401115,253809,290257,0,256,42,0.02,hybrid_lite,warm_start,42,10,32,0.0001,0.01,0.05,224,6,8,56,"1,2,4",1,legacy_batchmean,0.02,,,2.0,,,,,,/workspace/grassmannflows/grassmann-flows/outputs/hybrid_experiments/20260328_080104_wt2_hybrid_alpha_joint,outputs/hybrid_experiments/20260515_004119_wt2_hybrid_lite_baseline_224x56_l6_e20,d5c1ccc72839,08df1183e1dc,outputs/distill_experiments/20260515_020932_wt2_warmstart_kd002/config.json,
outputs/distill_experiments/20260515_020933_wt2_warmstart_kd020,distill_experiments,20260515_020933,wt2_warmstart_kd020,config_only,,wikitext2,wikitext2,/workspace/grassmannflows/datasets/wikitext2_v1_saved,text,disk,2401115,253809,290257,0,256,42,0.02,hybrid_lite,warm_start,42,10,32,0.0001,0.01,0.05,224,6,8,56,"1,2,4",1,legacy_batchmean,0.2,,,2.0,,,,,,/workspace/grassmannflows/grassmann-flows/outputs/hybrid_experiments/20260328_080104_wt2_hybrid_alpha_joint,outputs/hybrid_experiments/20260515_004119_wt2_hybrid_lite_baseline_224x56_l6_e20,3b8e0a67a592,08df1183e1dc,outputs/distill_experiments/20260515_020933_wt2_warmstart_kd020/config.json,
outputs/distill_experiments/20260515_021831_wt2_warmstart_kd002,distill_experiments,20260515_021831,wt2_warmstart_kd002,config_only,,wikitext2,wikitext2,/workspace/grassmannflows/datasets/wikitext2_v1_saved,text,disk,2401115,253809,290257,0,256,42,0.02,hybrid_lite,warm_start,42,10,32,0.0001,0.01,0.05,224,6,8,56,"1,2,4",1,legacy_batchmean,0.02,,,2.0,,,,,,/workspace/grassmannflows/grassmann-flows/outputs/hybrid_experiments/20260328_080104_wt2_hybrid_alpha_joint,outputs/hybrid_experiments/20260515_004119_wt2_hybrid_lite_baseline_224x56_l6_e20,d5c1ccc72839,08df1183e1dc,outputs/distill_experiments/20260515_021831_wt2_warmstart_kd002/config.json,
outputs/distill_experiments/20260515_021831_wt2_warmstart_kd020,distill_experiments,20260515_021831,wt2_warmstart_kd020,config_only,,wikitext2,wikitext2,/workspace/grassmannflows/datasets/wikitext2_v1_saved,text,disk,2401115,253809,290257,0,256,42,0.02,hybrid_lite,warm_start,42,10,32,0.0001,0.01,0.05,224,6,8,56,"1,2,4",1,legacy_batchmean,0.2,,,2.0,,,,,,/workspace/grassmannflows/grassmann-flows/outputs/hybrid_experiments/20260328_080104_wt2_hybrid_alpha_joint,outputs/hybrid_experiments/20260515_004119_wt2_hybrid_lite_baseline_224x56_l6_e20,3b8e0a67a592,08df1183e1dc,outputs/distill_experiments/20260515_021831_wt2_warmstart_kd020/config.json,
outputs/distill_experiments/20260515_022154_wt2_warmstart_kd002,distill_experiments,20260515_022154,wt2_warmstart_kd002,config_only,,wikitext2,wikitext2,/workspace/grassmannflows/datasets/wikitext2_v1_saved,text,disk,2401115,253809,290257,0,256,42,0.02,hybrid_lite,warm_start,42,10,32,0.0001,0.01,0.05,224,6,8,56,"1,2,4",1,legacy_batchmean,0.02,,,2.0,,,,,,/workspace/grassmannflows/grassmann-flows/outputs/hybrid_experiments/20260328_080104_wt2_hybrid_alpha_joint,outputs/hybrid_experiments/20260515_004119_wt2_hybrid_lite_baseline_224x56_l6_e20,d5c1ccc72839,08df1183e1dc,outputs/distill_experiments/20260515_022154_wt2_warmstart_kd002/config.json,
outputs/distill_experiments/20260515_022154_wt2_warmstart_kd020,distill_experiments,20260515_022154,wt2_warmstart_kd020,config_only,,wikitext2,wikitext2,/workspace/grassmannflows/datasets/wikitext2_v1_saved,text,disk,2401115,253809,290257,0,256,42,0.02,hybrid_lite,warm_start,42,10,32,0.0001,0.01,0.05,224,6,8,56,"1,2,4",1,legacy_batchmean,0.2,,,2.0,,,,,,/workspace/grassmannflows/grassmann-flows/outputs/hybrid_experiments/20260328_080104_wt2_hybrid_alpha_joint,outputs/hybrid_experiments/20260515_004119_wt2_hybrid_lite_baseline_224x56_l6_e20,3b8e0a67a592,08df1183e1dc,outputs/distill_experiments/20260515_022154_wt2_warmstart_kd020/config.json,
outputs/distill_experiments/20260515_022421_wt2_warmstart_kd020,distill_experiments,20260515_022421,wt2_warmstart_kd020,config_only,,wikitext2,wikitext2,/workspace/grassmannflows/datasets/wikitext2_v1_saved,text,disk,2401115,253809,290257,0,256,42,0.02,hybrid_lite,warm_start,42,10,32,0.0001,0.01,0.05,224,6,8,56,"1,2,4",1,legacy_batchmean,0.2,,,2.0,,,,,,/workspace/grassmannflows/grassmann-flows/outputs/hybrid_experiments/20260328_080104_wt2_hybrid_alpha_joint,outputs/hybrid_experiments/20260515_004119_wt2_hybrid_lite_baseline_224x56_l6_e20,3b8e0a67a592,08df1183e1dc,outputs/distill_experiments/20260515_022421_wt2_warmstart_kd020/config.json,
outputs/distill_experiments/20260515_022422_wt2_warmstart_kd002,distill_experiments,20260515_022422,wt2_warmstart_kd002,config_only,,wikitext2,wikitext2,/workspace/grassmannflows/datasets/wikitext2_v1_saved,text,disk,2401115,253809,290257,0,256,42,0.02,hybrid_lite,warm_start,42,10,32,0.0001,0.01,0.05,224,6,8,56,"1,2,4",1,legacy_batchmean,0.02,,,2.0,,,,,,/workspace/grassmannflows/grassmann-flows/outputs/hybrid_experiments/20260328_080104_wt2_hybrid_alpha_joint,outputs/hybrid_experiments/20260515_004119_wt2_hybrid_lite_baseline_224x56_l6_e20,d5c1ccc72839,08df1183e1dc,outputs/distill_experiments/20260515_022422_wt2_warmstart_kd002/config.json,
outputs/distill_experiments/20260515_022631_wt2_warmstart_kd002,distill_experiments,20260515_022631,wt2_warmstart_kd002,complete,student,wikitext2,wikitext2,/workspace/grassmannflows/datasets/wikitext2_v1_saved,text,disk,2401115,253809,290257,0,256,42,0.02,hybrid_lite,warm_start,42,10,32,0.0001,0.01,0.05,224,6,8,56,"1,2,4",1,legacy_batchmean,0.02,,,2.0,31434257,9,67.80207061767578,60.83488464355469,66.86634826660156,/workspace/grassmannflows/grassmann-flows/outputs/hybrid_experiments/20260328_080104_wt2_hybrid_alpha_joint,outputs/hybrid_experiments/20260515_004119_wt2_hybrid_lite_baseline_224x56_l6_e20,bb6df8e03dd0,f3db0af7820c,outputs/distill_experiments/20260515_022631_wt2_warmstart_kd002/config.json,outputs/distill_experiments/20260515_022631_wt2_warmstart_kd002/summary.json
outputs/distill_experiments/20260515_022631_wt2_warmstart_kd020,distill_experiments,20260515_022631,wt2_warmstart_kd020,complete,student,wikitext2,wikitext2,/workspace/grassmannflows/datasets/wikitext2_v1_saved,text,disk,2401115,253809,290257,0,256,42,0.02,hybrid_lite,warm_start,42,10,32,0.0001,0.01,0.05,224,6,8,56,"1,2,4",1,legacy_batchmean,0.2,,,2.0,31434257,9,76.1923828125,68.76594543457031,66.86634826660156,/workspace/grassmannflows/grassmann-flows/outputs/hybrid_experiments/20260328_080104_wt2_hybrid_alpha_joint,outputs/hybrid_experiments/20260515_004119_wt2_hybrid_lite_baseline_224x56_l6_e20,60a099322a3b,f3db0af7820c,outputs/distill_experiments/20260515_022631_wt2_warmstart_kd020/config.json,outputs/distill_experiments/20260515_022631_wt2_warmstart_kd020/summary.json
outputs/distill_experiments/20260515_111904_ptb_warmstart_kd0,distill_experiments,20260515_111904,ptb_warmstart_kd0,complete,student,ptb,ptb,/workspace/grassmannflows/datasets/ptb_text_only_saved,sentence,disk,1136446,89842,101870,0,256,42,0.02,hybrid_lite,warm_start,42,10,32,0.0001,0.01,0.05,224,6,8,56,"1,2,4",1,legacy_batchmean,0.01,,,2.0,31434257,10,60.24092483520508,51.90828323364258,50.11249542236328,/workspace/grassmannflows/grassmann-flows/outputs/hybrid_experiments/20260328_095917_ptb_latefusion_last1_joint,outputs/hybrid_experiments/20260328_142654_ptb_hybrid_lite_baseline_mild_e20,cad51c075189,d2990ed9a65f,outputs/distill_experiments/20260515_111904_ptb_warmstart_kd0/config.json,outputs/distill_experiments/20260515_111904_ptb_warmstart_kd0/summary.json
outputs/distill_experiments/20260515_112045_ptb_warmstart_kd10,distill_experiments,20260515_112045,ptb_warmstart_kd10,config_only,,ptb,ptb,/workspace/grassmannflows/datasets/ptb_text_only_saved,sentence,disk,1136446,89842,101870,0,256,42,0.02,hybrid_lite,warm_start,42,10,32,0.0001,0.01,0.05,224,6,8,56,"1,2,4",1,legacy_batchmean,0.01,,,2.0,,,,,,/workspace/grassmannflows/grassmann-flows/outputs/hybrid_experiments/20260328_095917_ptb_latefusion_last1_joint,outputs/hybrid_experiments/20260328_142654_ptb_hybrid_lite_baseline_mild_e20,b802a067a5d6,64d404dc058f,outputs/distill_experiments/20260515_112045_ptb_warmstart_kd10/config.json,
outputs/distill_experiments/20260515_121432_ptb_warmstart_lambda_20,distill_experiments,20260515_121432,ptb_warmstart_lambda_20,complete,student,ptb,ptb,/workspace/grassmannflows/datasets/ptb_text_only_saved,sentence,disk,1136446,89842,101870,0,256,42,0.02,hybrid_lite,warm_start,42,10,32,0.0001,0.01,0.05,224,6,8,56,"1,2,4",1,legacy_batchmean,0.02,,,2.0,31434257,10,59.23301315307617,51.27402877807617,50.11249542236328,/workspace/grassmannflows/grassmann-flows/outputs/hybrid_experiments/20260328_095917_ptb_latefusion_last1_joint,outputs/hybrid_experiments/20260328_142654_ptb_hybrid_lite_baseline_mild_e20,ecebe1988a44,d2990ed9a65f,outputs/distill_experiments/20260515_121432_ptb_warmstart_lambda_20/config.json,outputs/distill_experiments/20260515_121432_ptb_warmstart_lambda_20/summary.json
outputs/distill_experiments/20260515_122632_ptb_warmstart_lambda_30,distill_experiments,20260515_122632,ptb_warmstart_lambda_30,complete,student,ptb,ptb,/workspace/grassmannflows/datasets/ptb_text_only_saved,sentence,disk,1136446,89842,101870,0,256,42,0.02,hybrid_lite,warm_start,42,10,32,0.0001,0.01,0.05,224,6,8,56,"1,2,4",1,legacy_batchmean,0.03,,,2.0,31434257,10,59.269290924072266,51.395389556884766,50.11249542236328,/workspace/grassmannflows/grassmann-flows/outputs/hybrid_experiments/20260328_095917_ptb_latefusion_last1_joint,outputs/hybrid_experiments/20260328_142654_ptb_hybrid_lite_baseline_mild_e20,ef6ef8323cc8,d2990ed9a65f,outputs/distill_experiments/20260515_122632_ptb_warmstart_lambda_30/config.json,outputs/distill_experiments/20260515_122632_ptb_warmstart_lambda_30/summary.json
outputs/distill_experiments/20260515_123903_ptb_warmstart_lambda_40,distill_experiments,20260515_123903,ptb_warmstart_lambda_40,complete,student,ptb,ptb,/workspace/grassmannflows/datasets/ptb_text_only_saved,sentence,disk,1136446,89842,101870,0,256,42,0.02,hybrid_lite,warm_start,42,10,32,0.0001,0.01,0.05,224,6,8,56,"1,2,4",1,legacy_batchmean,0.04,,,2.0,31434257,9,59.47868728637695,51.62261962890625,50.11249542236328,/workspace/grassmannflows/grassmann-flows/outputs/hybrid_experiments/20260328_095917_ptb_latefusion_last1_joint,outputs/hybrid_experiments/20260328_142654_ptb_hybrid_lite_baseline_mild_e20,296ba2c0a4b1,d2990ed9a65f,outputs/distill_experiments/20260515_123903_ptb_warmstart_lambda_40/config.json,outputs/distill_experiments/20260515_123903_ptb_warmstart_lambda_40/summary.json
outputs/distill_experiments/20260515_130637_wt2_warmstart_lambda_10,distill_experiments,20260515_130637,wt2_warmstart_lambda_10,complete,student,wikitext2,wikitext2,/workspace/grassmannflows/datasets/wikitext2_v1_saved,text,disk,2401115,253809,290257,0,256,42,0.02,hybrid_lite,warm_start,42,10,32,0.0001,0.01,0.05,224,6,8,56,"1,2,4",1,legacy_batchmean,0.01,,,2.0,31434257,8,68.21147918701172,61.21482467651367,66.86634826660156,/workspace/grassmannflows/grassmann-flows/outputs/hybrid_experiments/20260328_080104_wt2_hybrid_alpha_joint,outputs/hybrid_experiments/20260515_004119_wt2_hybrid_lite_baseline_224x56_l6_e20,f9d17ae36dd4,f3db0af7820c,outputs/distill_experiments/20260515_130637_wt2_warmstart_lambda_10/config.json,outputs/distill_experiments/20260515_130637_wt2_warmstart_lambda_10/summary.json
outputs/distill_experiments/20260515_130903_ts_random_init_kd005,distill_experiments,20260515_130903,ts_random_init_kd005,complete,student,tinystories,tinystories,/workspace/grassmannflows/datasets/tinystories_saved,text,disk,67081279,9440302,4765822,300000,256,42,0.02,hybrid_lite,random_init,42,10,32,0.0001,0.01,0.05,224,6,8,56,"1,2,4",1,legacy_batchmean,0.05,,,2.0,31434257,10,5.8283772468566895,5.843765735626221,4.969051361083984,/workspace/grassmannflows/grassmann-flows/outputs/hybrid_experiments/20260515_022710_ts_latefusion_last1_joint_e10,,d533a1399cdf,5b9a5b4577b2,outputs/distill_experiments/20260515_130903_ts_random_init_kd005/config.json,outputs/distill_experiments/20260515_130903_ts_random_init_kd005/summary.json
outputs/distill_experiments/20260515_133151_wt2_warmstart_lambda_30,distill_experiments,20260515_133151,wt2_warmstart_lambda_30,complete,student,wikitext2,wikitext2,/workspace/grassmannflows/datasets/wikitext2_v1_saved,text,disk,2401115,253809,290257,0,256,42,0.02,hybrid_lite,warm_start,42,10,32,0.0001,0.01,0.05,224,6,8,56,"1,2,4",1,legacy_batchmean,0.03,,,2.0,31434257,9,68.45932006835938,61.4269905090332,66.86634826660156,/workspace/grassmannflows/grassmann-flows/outputs/hybrid_experiments/20260328_080104_wt2_hybrid_alpha_joint,outputs/hybrid_experiments/20260515_004119_wt2_hybrid_lite_baseline_224x56_l6_e20,5433e13e69c6,f3db0af7820c,outputs/distill_experiments/20260515_133151_wt2_warmstart_lambda_30/config.json,outputs/distill_experiments/20260515_133151_wt2_warmstart_lambda_30/summary.json
outputs/distill_experiments/20260515_135716_wt2_warmstart_lambda_40,distill_experiments,20260515_135716,wt2_warmstart_lambda_40,complete,student,wikitext2,wikitext2,/workspace/grassmannflows/datasets/wikitext2_v1_saved,text,disk,2401115,253809,290257,0,256,42,0.02,hybrid_lite,warm_start,42,10,32,0.0001,0.01,0.05,224,6,8,56,"1,2,4",1,legacy_batchmean,0.04,,,2.0,31434257,9,69.31060028076172,62.2060432434082,66.86634826660156,/workspace/grassmannflows/grassmann-flows/outputs/hybrid_experiments/20260328_080104_wt2_hybrid_alpha_joint,outputs/hybrid_experiments/20260515_004119_wt2_hybrid_lite_baseline_224x56_l6_e20,f14701baa34b,f3db0af7820c,outputs/distill_experiments/20260515_135716_wt2_warmstart_lambda_40/config.json,outputs/distill_experiments/20260515_135716_wt2_warmstart_lambda_40/summary.json
outputs/distill_experiments/20260516_011242_ts_warmstart_ce_only,distill_experiments,20260516_011242,ts_warmstart_ce_only,complete,student,tinystories,tinystories,/workspace/grassmannflows/datasets/tinystories_saved,text,disk,67081279,9440302,4765822,300000,256,42,0.02,hybrid_lite,warm_start,42,10,32,0.0001,0.01,0.05,224,6,8,56,"1,2,4",1,legacy_batchmean,0.0,,,2.0,31434257,10,4.841407775878906,4.861118316650391,4.969051361083984,/workspace/grassmannflows/grassmann-flows/outputs/hybrid_experiments/20260515_022710_ts_latefusion_last1_joint_e10,outputs/hybrid_experiments/20260515_031101_ts_hybrid_lite_baseline_224x56_l6_e20,df9051d93335,a604303c700d,outputs/distill_experiments/20260516_011242_ts_warmstart_ce_only/config.json,outputs/distill_experiments/20260516_011242_ts_warmstart_ce_only/summary.json
outputs/distill_experiments/20260516_011244_ts_warmstart_lambda_20,distill_experiments,20260516_011244,ts_warmstart_lambda_20,complete,student,tinystories,tinystories,/workspace/grassmannflows/datasets/tinystories_saved,text,disk,67081279,9440302,4765822,300000,256,42,0.02,hybrid_lite,warm_start,42,10,32,0.0001,0.01,0.05,224,6,8,56,"1,2,4",1,legacy_batchmean,0.02,,,2.0,31434257,1,5.400689125061035,5.420102119445801,4.969051361083984,/workspace/grassmannflows/grassmann-flows/outputs/hybrid_experiments/20260515_022710_ts_latefusion_last1_joint_e10,outputs/hybrid_experiments/20260515_031101_ts_hybrid_lite_baseline_224x56_l6_e20,ccdabf3f0140,a604303c700d,outputs/distill_experiments/20260516_011244_ts_warmstart_lambda_20/config.json,outputs/distill_experiments/20260516_011244_ts_warmstart_lambda_20/summary.json
outputs/distill_experiments/20260516_011246_ts_warmstart_lambda_50,distill_experiments,20260516_011246,ts_warmstart_lambda_50,complete,student,tinystories,tinystories,/workspace/grassmannflows/datasets/tinystories_saved,text,disk,67081279,9440302,4765822,300000,256,42,0.02,hybrid_lite,warm_start,42,10,32,0.0001,0.01,0.05,224,6,8,56,"1,2,4",1,legacy_batchmean,0.05,,,2.0,31434257,1,5.481619834899902,5.500808238983154,4.969051361083984,/workspace/grassmannflows/grassmann-flows/outputs/hybrid_experiments/20260515_022710_ts_latefusion_last1_joint_e10,outputs/hybrid_experiments/20260515_031101_ts_hybrid_lite_baseline_224x56_l6_e20,220da5eeec5d,a604303c700d,outputs/distill_experiments/20260516_011246_ts_warmstart_lambda_50/config.json,outputs/distill_experiments/20260516_011246_ts_warmstart_lambda_50/summary.json
outputs/distill_experiments/20260516_133235_ts_warmstart_lambda_10,distill_experiments,20260516_133235,ts_warmstart_lambda_10,complete,student,tinystories,tinystories,/workspace/grassmannflows/datasets/tinystories_saved,text,disk,67081279,9440302,4765822,300000,256,42,0.02,hybrid_lite,warm_start,42,10,32,0.0001,0.01,0.05,224,6,8,56,"1,2,4",1,legacy_batchmean,0.01,,,2.0,31434257,10,5.294999122619629,5.3127121925354,4.969051361083984,/workspace/grassmannflows/grassmann-flows/outputs/hybrid_experiments/20260515_022710_ts_latefusion_last1_joint_e10,outputs/hybrid_experiments/20260515_031101_ts_hybrid_lite_baseline_224x56_l6_e20,0a3c1afab654,a604303c700d,outputs/distill_experiments/20260516_133235_ts_warmstart_lambda_10/config.json,outputs/distill_experiments/20260516_133235_ts_warmstart_lambda_10/summary.json
outputs/distill_experiments/20260517_012108_ts_warmstart_lambda_30,distill_experiments,20260517_012108,ts_warmstart_lambda_30,complete,student,tinystories,tinystories,/workspace/grassmannflows/datasets/tinystories_saved,text,disk,67081279,9440302,4765822,300000,256,42,0.02,hybrid_lite,warm_start,42,10,32,0.0001,0.01,0.05,224,6,8,56,"1,2,4",1,legacy_batchmean,0.03,,,2.0,31434257,1,5.442997932434082,5.462311267852783,4.969051361083984,/workspace/grassmannflows/grassmann-flows/outputs/hybrid_experiments/20260515_022710_ts_latefusion_last1_joint_e10,outputs/hybrid_experiments/20260515_031101_ts_hybrid_lite_baseline_224x56_l6_e20,20d4932135c5,a604303c700d,outputs/distill_experiments/20260517_012108_ts_warmstart_lambda_30/config.json,outputs/distill_experiments/20260517_012108_ts_warmstart_lambda_30/summary.json
outputs/distill_experiments/20260517_130749_ts_warmstart_lambda_40,distill_experiments,20260517_130749,ts_warmstart_lambda_40,complete,student,tinystories,tinystories,/workspace/grassmannflows/datasets/tinystories_saved,text,disk,67081279,9440302,4765822,300000,256,42,0.02,hybrid_lite,warm_start,42,10,32,0.0001,0.01,0.05,224,6,8,56,"1,2,4",1,legacy_batchmean,0.04,,,2.0,31434257,1,5.466457843780518,5.485691547393799,4.969051361083984,/workspace/grassmannflows/grassmann-flows/outputs/hybrid_experiments/20260515_022710_ts_latefusion_last1_joint_e10,outputs/hybrid_experiments/20260515_031101_ts_hybrid_lite_baseline_224x56_l6_e20,affb0d3f88e0,a604303c700d,outputs/distill_experiments/20260517_130749_ts_warmstart_lambda_40/config.json,outputs/distill_experiments/20260517_130749_ts_warmstart_lambda_40/summary.json
outputs/distill_experiments/20260525_140819_code_warmstart_ce_only,distill_experiments,20260525_140819,code_warmstart_ce_only,complete,student,code,ptb,/workspace/grassmannflows/datasets/codeparrot_saved,text,disk,181058623,22587703,22123845,0,256,42,0.02,hybrid_lite,warm_start,42,10,16,0.0001,0.01,0.05,224,6,8,56,"1,2,4",1,legacy_batchmean,0.0,,,2.0,31434257,10,4.107028484344482,4.174026012420654,50.11249542236328,/workspace/grassmannflows/grassmann-flows/outputs/hybrid_experiments/20260328_095917_ptb_latefusion_last1_joint,outputs/hybrid_experiments/20260328_142654_ptb_hybrid_lite_baseline_mild_e20,f5115647b8d4,9bc3af802a96,outputs/distill_experiments/20260525_140819_code_warmstart_ce_only/config.json,outputs/distill_experiments/20260525_140819_code_warmstart_ce_only/summary.json
outputs/distill_experiments/20260525_140832_code_random_init_kd005,distill_experiments,20260525_140832,code_random_init_kd005,complete,student,code,ptb,/workspace/grassmannflows/datasets/codeparrot_saved,text,disk,181058623,22587703,22123845,0,256,42,0.02,hybrid_lite,random_init,42,10,16,0.0001,0.01,0.05,224,6,8,56,"1,2,4",1,legacy_batchmean,0.05,,,2.0,31434257,10,17.72682762145996,17.88121795654297,50.11249542236328,/workspace/grassmannflows/grassmann-flows/outputs/hybrid_experiments/20260328_095917_ptb_latefusion_last1_joint,,5da5939a53a7,33c287148177,outputs/distill_experiments/20260525_140832_code_random_init_kd005/config.json,outputs/distill_experiments/20260525_140832_code_random_init_kd005/summary.json
outputs/distill_experiments/20260525_140845_code_warmstart_kd002,distill_experiments,20260525_140845,code_warmstart_kd002,complete,student,code,ptb,/workspace/grassmannflows/datasets/codeparrot_saved,text,disk,181058623,22587703,22123845,0,256,42,0.02,hybrid_lite,warm_start,42,10,16,0.0001,0.01,0.05,224,6,8,56,"1,2,4",1,legacy_batchmean,0.02,,,2.0,31434257,10,8.979696273803711,9.095169067382812,50.11249542236328,/workspace/grassmannflows/grassmann-flows/outputs/hybrid_experiments/20260328_095917_ptb_latefusion_last1_joint,outputs/hybrid_experiments/20260328_142654_ptb_hybrid_lite_baseline_mild_e20,383be3faffcf,9bc3af802a96,outputs/distill_experiments/20260525_140845_code_warmstart_kd002/config.json,outputs/distill_experiments/20260525_140845_code_warmstart_kd002/summary.json
outputs/distill_experiments/20260529_154523_code_random_init_kd005_code_teacher,distill_experiments,20260529_154523,code_random_init_kd005_code_teacher,complete,student,code,ptb,/workspace/grassmannflows/datasets/codeparrot_saved,text,disk,22293130,22587703,22123845,5000,256,42,0.02,hybrid_lite,random_init,42,10,16,0.0001,0.01,0.05,224,6,8,56,"1,2,4",1,legacy_batchmean,0.05,,,2.0,31434257,10,7.136233806610107,7.09660005569458,5.682055950164795,/workspace/grassmannflows/grassmann-flows/outputs/hybrid_experiments/20260529_120718_code_teacher_last1_joint,,923c22f73c6b,d57b9d5453ff,outputs/distill_experiments/20260529_154523_code_random_init_kd005_code_teacher/config.json,outputs/distill_experiments/20260529_154523_code_random_init_kd005_code_teacher/summary.json
outputs/distill_experiments/20260529_154530_code_warmstart_kd002_code_teacher,distill_experiments,20260529_154530,code_warmstart_kd002_code_teacher,complete,student,code,ptb,/workspace/grassmannflows/datasets/codeparrot_saved,text,disk,22293130,22587703,22123845,5000,256,42,0.02,hybrid_lite,warm_start,42,10,16,0.0001,0.01,0.05,224,6,8,56,"1,2,4",1,legacy_batchmean,0.02,,,2.0,31434257,10,6.110966682434082,6.098591327667236,5.682055950164795,/workspace/grassmannflows/grassmann-flows/outputs/hybrid_experiments/20260529_120718_code_teacher_last1_joint,outputs/hybrid_experiments/20260527_074518_code_hybrid_lite_baseline_ce_scratch,5e6dc5be03ba,8515e6a778bb,outputs/distill_experiments/20260529_154530_code_warmstart_kd002_code_teacher/config.json,outputs/distill_experiments/20260529_154530_code_warmstart_kd002_code_teacher/summary.json
outputs/distill_experiments/20260529_154859_code_ri_kd005,distill_experiments,20260529_154859,code_ri_kd005,complete,student,code,ptb,/workspace/grassmannflows/datasets/codeparrot_saved,text,disk,22293130,22587703,22123845,5000,256,42,0.02,hybrid_lite,random_init,42,10,16,0.0001,0.01,0.05,224,6,8,56,"1,2,4",1,legacy_batchmean,0.05,,,2.0,31434257,10,7.136233806610107,7.09660005569458,5.682055950164795,/workspace/grassmannflows/grassmann-flows/outputs/hybrid_experiments/20260529_120718_code_teacher_last1_joint,,923c22f73c6b,d57b9d5453ff,outputs/distill_experiments/20260529_154859_code_ri_kd005/config.json,outputs/distill_experiments/20260529_154859_code_ri_kd005/summary.json
outputs/distill_experiments/20260529_154900_code_ws_kd002,distill_experiments,20260529_154900,code_ws_kd002,complete,student,code,ptb,/workspace/grassmannflows/datasets/codeparrot_saved,text,disk,22293130,22587703,22123845,5000,256,42,0.02,hybrid_lite,warm_start,42,10,16,0.0001,0.01,0.05,224,6,8,56,"1,2,4",1,legacy_batchmean,0.02,,,2.0,31434257,10,6.110966682434082,6.098591327667236,5.682055950164795,/workspace/grassmannflows/grassmann-flows/outputs/hybrid_experiments/20260529_120718_code_teacher_last1_joint,outputs/hybrid_experiments/20260527_074518_code_hybrid_lite_baseline_ce_scratch,5e6dc5be03ba,8515e6a778bb,outputs/distill_experiments/20260529_154900_code_ws_kd002/config.json,outputs/distill_experiments/20260529_154900_code_ws_kd002/summary.json
outputs/distill_experiments/20260529_154901_code_ws_ce_only,distill_experiments,20260529_154901,code_ws_ce_only,complete,student,code,ptb,/workspace/grassmannflows/datasets/codeparrot_saved,text,disk,22293130,22587703,22123845,5000,256,42,0.02,hybrid_lite,warm_start,42,10,16,0.0001,0.01,0.05,224,6,8,56,"1,2,4",1,legacy_batchmean,0.0,,,2.0,31434257,9,7.306929588317871,7.245379447937012,5.682055950164795,/workspace/grassmannflows/grassmann-flows/outputs/hybrid_experiments/20260529_120718_code_teacher_last1_joint,outputs/hybrid_experiments/20260527_074518_code_hybrid_lite_baseline_ce_scratch,036884a45329,8515e6a778bb,outputs/distill_experiments/20260529_154901_code_ws_ce_only/config.json,outputs/distill_experiments/20260529_154901_code_ws_ce_only/summary.json
outputs/distill_experiments/20260530_013210_code_ws_kd10,distill_experiments,20260530_013210,code_ws_kd10,complete,student,code,ptb,/workspace/grassmannflows/datasets/codeparrot_saved,text,disk,22293130,22587703,22123845,5000,256,42,0.02,hybrid_lite,warm_start,42,10,16,0.0001,0.01,0.05,224,6,8,56,"1,2,4",1,legacy_batchmean,0.01,,,2.0,31434257,10,6.014906883239746,6.001773357391357,5.682055950164795,/workspace/grassmannflows/grassmann-flows/outputs/hybrid_experiments/20260529_120718_code_teacher_last1_joint,outputs/hybrid_experiments/20260527_074518_code_hybrid_lite_baseline_ce_scratch,fab366e1481b,8515e6a778bb,outputs/distill_experiments/20260530_013210_code_ws_kd10/config.json,outputs/distill_experiments/20260530_013210_code_ws_kd10/summary.json
outputs/distill_experiments/20260530_060326_code_ws_kd30,distill_experiments,20260530_060326,code_ws_kd30,config_only,,code,ptb,/workspace/grassmannflows/datasets/codeparrot_saved,text,disk,22293130,22587703,22123845,5000,256,42,0.02,hybrid_lite,warm_start,42,10,16,0.0001,0.01,0.05,224,6,8,56,"1,2,4",1,legacy_batchmean,0.03,,,2.0,,,,,,/workspace/grassmannflows/grassmann-flows/outputs/hybrid_experiments/20260529_120718_code_teacher_last1_joint,outputs/hybrid_experiments/20260527_074518_code_hybrid_lite_baseline_ce_scratch,33b53e550da5,0d355ac4709e,outputs/distill_experiments/20260530_060326_code_ws_kd30/config.json,
outputs/distill_experiments/20260530_143430_code_ws_kd100,distill_experiments,20260530_143430,code_ws_kd100,complete,student,code,ptb,/workspace/grassmannflows/datasets/codeparrot_saved,text,disk,22293130,22587703,22123845,5000,256,42,0.02,hybrid_lite,warm_start,42,10,16,0.0001,0.01,0.05,224,6,8,56,"1,2,4",1,legacy_batchmean,0.1,,,2.0,31434257,10,6.265898704528809,6.2525811195373535,5.682055950164795,/workspace/grassmannflows/grassmann-flows/outputs/hybrid_experiments/20260529_120718_code_teacher_last1_joint,outputs/hybrid_experiments/20260527_074518_code_hybrid_lite_baseline_ce_scratch,c8fc0a3af6d6,8515e6a778bb,outputs/distill_experiments/20260530_143430_code_ws_kd100/config.json,outputs/distill_experiments/20260530_143430_code_ws_kd100/summary.json
outputs/distill_experiments/20260530_143434_code_ws_kd40,distill_experiments,20260530_143434,code_ws_kd40,complete,student,code,ptb,/workspace/grassmannflows/datasets/codeparrot_saved,text,disk,22293130,22587703,22123845,5000,256,42,0.02,hybrid_lite,warm_start,42,10,16,0.0001,0.01,0.05,224,6,8,56,"1,2,4",1,legacy_batchmean,0.04,,,2.0,31434257,10,6.195280075073242,6.182648181915283,5.682055950164795,/workspace/grassmannflows/grassmann-flows/outputs/hybrid_experiments/20260529_120718_code_teacher_last1_joint,outputs/hybrid_experiments/20260527_074518_code_hybrid_lite_baseline_ce_scratch,6bccb3b1fc46,8515e6a778bb,outputs/distill_experiments/20260530_143434_code_ws_kd40/config.json,outputs/distill_experiments/20260530_143434_code_ws_kd40/summary.json
outputs/distill_experiments/20260530_143435_code_ws_kd30,distill_experiments,20260530_143435,code_ws_kd30,complete,student,code,ptb,/workspace/grassmannflows/datasets/codeparrot_saved,text,disk,22293130,22587703,22123845,5000,256,42,0.02,hybrid_lite,warm_start,42,10,16,0.0001,0.01,0.05,224,6,8,56,"1,2,4",1,legacy_batchmean,0.03,,,2.0,31434257,10,6.163458824157715,6.1509857177734375,5.682055950164795,/workspace/grassmannflows/grassmann-flows/outputs/hybrid_experiments/20260529_120718_code_teacher_last1_joint,outputs/hybrid_experiments/20260527_074518_code_hybrid_lite_baseline_ce_scratch,4611da69aaed,8515e6a778bb,outputs/distill_experiments/20260530_143435_code_ws_kd30/config.json,outputs/distill_experiments/20260530_143435_code_ws_kd30/summary.json
outputs/distill_experiments/20260601_024657_ptb_r32_warmstart_kd002,distill_experiments,20260601_024657,ptb_r32_warmstart_kd002,complete,student,ptb,ptb,/workspace/grassmannflows/datasets/ptb_text_only_saved,sentence,disk,1136446,89842,101870,0,256,42,0.02,hybrid_lite,warm_start,42,10,32,0.0001,0.01,0.05,224,6,8,32,"1,2,4",1,legacy_batchmean,0.02,,,2.0,29998721,10,69.72123718261719,60.295902252197266,50.11249542236328,/workspace/grassmannflows/grassmann-flows/outputs/hybrid_experiments/20260328_095917_ptb_latefusion_last1_joint,outputs/hybrid_experiments/20260601_024109_ptb_r32_baseline,c318e24c4f7f,721033838c2a,outputs/distill_experiments/20260601_024657_ptb_r32_warmstart_kd002/config.json,outputs/distill_experiments/20260601_024657_ptb_r32_warmstart_kd002/summary.json
outputs/distill_experiments/20260916_034049_h0_ptb_smoke_legacy_a002_seed42,distill_experiments,20260916_034049,h0_ptb_smoke_legacy_a002_seed42,config_only,,ptb,ptb,/workspace/grassmannflows/datasets/ptb_text_only_saved,sentence,disk,1136446,89842,101870,0,256,42,0.02,hybrid_lite,warm_start,42,1,32,0.0001,0.01,0.05,224,6,8,56,"1,2,4",1,legacy_batchmean,0.02,1.0,1024,2.0,,,,,,/workspace/grassmannflows/grassmann-flows/outputs/hybrid_experiments/20260328_095917_ptb_latefusion_last1_joint,outputs/hybrid_experiments/20260328_142654_ptb_hybrid_lite_baseline_mild_e20,76f1f05c3a43,95dd14234f6b,outputs/distill_experiments/20260916_034049_h0_ptb_smoke_legacy_a002_seed42/config.json,
outputs/distill_experiments/20260916_034049_h0_ptb_smoke_token_l0_seed42,distill_experiments,20260916_034049,h0_ptb_smoke_token_l0_seed42,complete,student,ptb,ptb,/workspace/grassmannflows/datasets/ptb_text_only_saved,sentence,disk,1136446,89842,101870,0,256,42,0.02,hybrid_lite,warm_start,42,1,32,0.0001,0.01,0.05,224,6,8,56,"1,2,4",1,token_mean,0.0,0.0,1024,2.0,31434257,1,69.31317901611328,59.0448112487793,50.11249542236328,/workspace/grassmannflows/grassmann-flows/outputs/hybrid_experiments/20260328_095917_ptb_latefusion_last1_joint,outputs/hybrid_experiments/20260328_142654_ptb_hybrid_lite_baseline_mild_e20,0068447d4d9a,054c6b69842f,outputs/distill_experiments/20260916_034049_h0_ptb_smoke_token_l0_seed42/config.json,outputs/distill_experiments/20260916_034049_h0_ptb_smoke_token_l0_seed42/summary.json
outputs/distill_experiments/20260916_034049_h0_ptb_smoke_token_l2p5_seed42,distill_experiments,20260916_034049,h0_ptb_smoke_token_l2p5_seed42,complete,student,ptb,ptb,/workspace/grassmannflows/datasets/ptb_text_only_saved,sentence,disk,1136446,89842,101870,0,256,42,0.02,hybrid_lite,warm_start,42,1,32,0.0001,0.01,0.05,224,6,8,56,"1,2,4",1,token_mean,0.0,2.5,1024,2.0,31434257,1,62.88426208496094,54.07733154296875,50.11249542236328,/workspace/grassmannflows/grassmann-flows/outputs/hybrid_experiments/20260328_095917_ptb_latefusion_last1_joint,outputs/hybrid_experiments/20260328_142654_ptb_hybrid_lite_baseline_mild_e20,7d84c5b4c8a3,054c6b69842f,outputs/distill_experiments/20260916_034049_h0_ptb_smoke_token_l2p5_seed42/config.json,outputs/distill_experiments/20260916_034049_h0_ptb_smoke_token_l2p5_seed42/summary.json
outputs/distill_experiments/20260916_034049_h0_ptb_smoke_token_l5_seed42,distill_experiments,20260916_034049,h0_ptb_smoke_token_l5_seed42,complete,student,ptb,ptb,/workspace/grassmannflows/datasets/ptb_text_only_saved,sentence,disk,1136446,89842,101870,0,256,42,0.02,hybrid_lite,warm_start,42,1,32,0.0001,0.01,0.05,224,6,8,56,"1,2,4",1,token_mean,0.0,5.0,1024,2.0,31434257,1,61.73134231567383,53.286041259765625,50.11249542236328,/workspace/grassmannflows/grassmann-flows/outputs/hybrid_experiments/20260328_095917_ptb_latefusion_last1_joint,outputs/hybrid_experiments/20260328_142654_ptb_hybrid_lite_baseline_mild_e20,03d8a867d016,054c6b69842f,outputs/distill_experiments/20260916_034049_h0_ptb_smoke_token_l5_seed42/config.json,outputs/distill_experiments/20260916_034049_h0_ptb_smoke_token_l5_seed42/summary.json
outputs/distill_experiments/20260916_034613_h0_ptb_smoke_legacy_a002_seed42,distill_experiments,20260916_034613,h0_ptb_smoke_legacy_a002_seed42,complete,student,ptb,ptb,/workspace/grassmannflows/datasets/ptb_text_only_saved,sentence,disk,1136446,89842,101870,0,256,42,0.02,hybrid_lite,warm_start,42,1,32,0.0001,0.01,0.05,224,6,8,56,"1,2,4",1,legacy_batchmean,0.02,1.0,1024,2.0,31434257,1,61.691497802734375,53.26141357421875,50.11249542236328,/workspace/grassmannflows/grassmann-flows/outputs/hybrid_experiments/20260328_095917_ptb_latefusion_last1_joint,outputs/hybrid_experiments/20260328_142654_ptb_hybrid_lite_baseline_mild_e20,3a68f8d0e2c7,c7c3890712a7,outputs/distill_experiments/20260916_034613_h0_ptb_smoke_legacy_a002_seed42/config.json,outputs/distill_experiments/20260916_034613_h0_ptb_smoke_legacy_a002_seed42/summary.json
outputs/distill_experiments/20260916_034739_h0_ptb_smoke_token_l10_seed42,distill_experiments,20260916_034739,h0_ptb_smoke_token_l10_seed42,complete,student,ptb,ptb,/workspace/grassmannflows/datasets/ptb_text_only_saved,sentence,disk,1136446,89842,101870,0,256,42,0.02,hybrid_lite,warm_start,42,1,32,0.0001,0.01,0.05,224,6,8,56,"1,2,4",1,token_mean,0.0,10.0,1024,2.0,31434257,1,61.350093841552734,53.13190460205078,50.11249542236328,/workspace/grassmannflows/grassmann-flows/outputs/hybrid_experiments/20260328_095917_ptb_latefusion_last1_joint,outputs/hybrid_experiments/20260328_142654_ptb_hybrid_lite_baseline_mild_e20,bdeb166af56f,054c6b69842f,outputs/distill_experiments/20260916_034739_h0_ptb_smoke_token_l10_seed42/config.json,outputs/distill_experiments/20260916_034739_h0_ptb_smoke_token_l10_seed42/summary.json
outputs/distill_experiments/20260916_034947_h0_ptb_diag_legacy_a002_seed42,distill_experiments,20260916_034947,h0_ptb_diag_legacy_a002_seed42,complete,student,ptb,ptb,/workspace/grassmannflows/datasets/ptb_text_only_saved,sentence,disk,1136446,89842,101870,0,256,42,0.02,hybrid_lite,warm_start,42,1,32,0.0001,0.01,0.05,224,6,8,56,"1,2,4",1,legacy_batchmean,0.02,1.0,1024,2.0,31434257,1,61.691497802734375,53.26141357421875,50.11249542236328,/workspace/grassmannflows/grassmann-flows/outputs/hybrid_experiments/20260328_095917_ptb_latefusion_last1_joint,outputs/hybrid_experiments/20260328_142654_ptb_hybrid_lite_baseline_mild_e20,3a68f8d0e2c7,c7c3890712a7,outputs/distill_experiments/20260916_034947_h0_ptb_diag_legacy_a002_seed42/config.json,outputs/distill_experiments/20260916_034947_h0_ptb_diag_legacy_a002_seed42/summary.json
outputs/distill_experiments/20260916_034947_h0_ptb_diag_token_l5_seed42,distill_experiments,20260916_034947,h0_ptb_diag_token_l5_seed42,complete,student,ptb,ptb,/workspace/grassmannflows/datasets/ptb_text_only_saved,sentence,disk,1136446,89842,101870,0,256,42,0.02,hybrid_lite,warm_start,42,1,32,0.0001,0.01,0.05,224,6,8,56,"1,2,4",1,token_mean,0.0,5.0,1024,2.0,31434257,1,61.73134231567383,53.286041259765625,50.11249542236328,/workspace/grassmannflows/grassmann-flows/outputs/hybrid_experiments/20260328_095917_ptb_latefusion_last1_joint,outputs/hybrid_experiments/20260328_142654_ptb_hybrid_lite_baseline_mild_e20,03d8a867d016,054c6b69842f,outputs/distill_experiments/20260916_034947_h0_ptb_diag_token_l5_seed42/config.json,outputs/distill_experiments/20260916_034947_h0_ptb_diag_token_l5_seed42/summary.json
outputs/transformer_experiments/20260413_085953_ptb_transformer_l6_stage1_kd005_e1_seed790_smoke_g2_as_init,transformer_experiments,20260413_085953,20260413_085953_ptb_transformer_l6_stage1_kd005_e1_seed790_smoke_g2_as_init,complete,transformer,ptb,unknown,,,,,,,,,,,,,,,,,,,,,,,,,,,,,,,,,,,,,90152c2dcc77,79be7aec51e2,outputs/transformer_experiments/20260413_085953_ptb_transformer_l6_stage1_kd005_e1_seed790_smoke_g2_as_init/config.json,outputs/transformer_experiments/20260413_085953_ptb_transformer_l6_stage1_kd005_e1_seed790_smoke_g2_as_init/summary.json
outputs/transformer_experiments/20260413_090220_ptb_transformer_l6_stage1_kd000_e6_seed790_as_init,transformer_experiments,20260413_090220,20260413_090220_ptb_transformer_l6_stage1_kd000_e6_seed790_as_init,complete,transformer,ptb,unknown,,,,,,,,,,,,,,,,,,,,,,,,,,,,,,,,,,,,,90152c2dcc77,79be7aec51e2,outputs/transformer_experiments/20260413_090220_ptb_transformer_l6_stage1_kd000_e6_seed790_as_init/config.json,outputs/transformer_experiments/20260413_090220_ptb_transformer_l6_stage1_kd000_e6_seed790_as_init/summary.json
outputs/transformer_experiments/20260413_090221_ptb_transformer_l6_stage1_kd005_e6_seed790_as_init,transformer_experiments,20260413_090221,20260413_090221_ptb_transformer_l6_stage1_kd005_e6_seed790_as_init,complete,transformer,ptb,unknown,,,,,,,,,,,,,,,,,,,,,,,,,,,,,,,,,,,,,90152c2dcc77,79be7aec51e2,outputs/transformer_experiments/20260413_090221_ptb_transformer_l6_stage1_kd005_e6_seed790_as_init/config.json,outputs/transformer_experiments/20260413_090221_ptb_transformer_l6_stage1_kd005_e6_seed790_as_init/summary.json
