run_dir,dataset_name,experiment_name,seed,epoch,max_seq_len,distill_alpha,train_ce,train_kl_batchmean,train_kl_per_token_approx,weighted_ce,weighted_kl,kd_objective_fraction,equivalent_token_lambda
outputs/distill_experiments/20260328_111500_ptb_distill_grassmann_balanced,ptb,ptb_distill_grassmann_balanced,42,1,256,0.7,8.991009511343933,1046.4428935470976,4.103697621753324,2.69730285340318,732.5100254829682,0.9963312350823453,594.9999999999999
outputs/distill_experiments/20260328_111500_ptb_distill_grassmann_balanced,ptb,ptb_distill_grassmann_balanced,42,2,256,0.7,6.467306167162547,379.05789619750016,1.486501553715687,1.9401918501487643,265.34052733825007,0.9927409958487085,594.9999999999999
outputs/distill_experiments/20260328_111500_ptb_distill_grassmann_balanced,ptb,ptb_distill_grassmann_balanced,42,3,256,0.7,5.79743427026108,226.3835430140967,0.8877786000552811,1.7392302810783242,158.46848010986767,0.9891439040178891,594.9999999999999
outputs/distill_experiments/20260328_111500_ptb_distill_grassmann_balanced,ptb,ptb_distill_grassmann_balanced,42,4,256,0.7,5.149736761482859,129.5206067161964,0.5079239479066525,1.5449210284448578,90.66442470133747,0.9832455049299209,594.9999999999999
outputs/distill_experiments/20260328_111500_ptb_distill_grassmann_balanced,ptb,ptb_distill_grassmann_balanced,42,5,256,0.7,4.860331257981044,93.89795661439872,0.3682272808407793,1.4580993773943134,65.72856963007911,0.97829778735969,594.9999999999999
outputs/distill_experiments/20260328_111500_ptb_distill_grassmann_balanced,ptb,ptb_distill_grassmann_balanced,42,6,256,0.7,4.716056592562737,78.5373780073736,0.30798971767597494,1.4148169777688213,54.97616460516152,0.9749105807692291,594.9999999999999
outputs/distill_experiments/20260328_111500_ptb_distill_grassmann_balanced,ptb,ptb_distill_grassmann_balanced,42,7,256,0.7,4.631305891266007,70.18000807034913,0.27521571792293775,1.3893917673798024,49.12600564924439,0.972495677784719,594.9999999999999
outputs/distill_experiments/20260328_111500_ptb_distill_grassmann_balanced,ptb,ptb_distill_grassmann_balanced,42,8,256,0.7,4.584849481889862,65.74721376110128,0.25783221082784813,1.375454844566959,46.02304963277089,0.9709810497243728,594.9999999999999
outputs/distill_experiments/20260328_111500_ptb_distill_grassmann_balanced,ptb,ptb_distill_grassmann_balanced,42,9,256,0.7,4.562788028871726,63.707217268697796,0.24983222458312862,1.368836408661518,44.59505208808846,0.9702193079517565,594.9999999999999
outputs/distill_experiments/20260328_111500_ptb_distill_grassmann_balanced,ptb,ptb_distill_grassmann_balanced,42,10,256,0.7,4.5557535801634215,63.09736781282504,0.24744065808950996,1.3667260740490266,44.168157468977526,0.969985075886763,594.9999999999999
outputs/distill_experiments/20260328_112507_ptb_distill_grassmann_light,ptb,ptb_distill_grassmann_light,42,1,256,0.7,9.194952056654458,1097.6644268822204,4.304566379930276,2.758485616996338,768.3650988175542,0.9964227710412733,594.9999999999999
outputs/distill_experiments/20260328_112507_ptb_distill_grassmann_light,ptb,ptb_distill_grassmann_light,42,2,256,0.7,6.610478586590916,418.7006149343554,1.6419631958210015,1.983143575977275,293.0904304540487,0.9932791556055254,594.9999999999999
outputs/distill_experiments/20260328_112507_ptb_distill_grassmann_light,ptb,ptb_distill_grassmann_light,42,3,256,0.7,6.038118648163825,270.0616172589437,1.059065165721348,1.8114355944491476,189.0431320812606,0.99050881717682,594.9999999999999
outputs/distill_experiments/20260328_112507_ptb_distill_grassmann_light,ptb,ptb_distill_grassmann_light,42,4,256,0.7,5.386022780225685,162.16829623475647,0.6359541028813979,1.6158068340677056,113.51780736432951,0.9859658115892778,594.9999999999999
outputs/distill_experiments/20260328_112507_ptb_distill_grassmann_light,ptb,ptb_distill_grassmann_light,42,5,256,0.7,5.021833283698728,113.43453393237068,0.44484130953870854,1.5065499851096185,79.40417375265947,0.9813800950539965,594.9999999999999
outputs/distill_experiments/20260328_112507_ptb_distill_grassmann_light,ptb,ptb_distill_grassmann_light,42,6,256,0.7,4.85534975404647,93.38880476293114,0.3662306069134555,1.4566049262139413,65.37216333405179,0.9782039237871156,594.9999999999999
outputs/distill_experiments/20260328_112507_ptb_distill_grassmann_light,ptb,ptb_distill_grassmann_light,42,7,256,0.7,4.766721803880431,83.93095954470496,0.3291410178223724,1.4300165411641295,58.751671681293466,0.9762383445296821,594.9999999999999
outputs/distill_experiments/20260328_112507_ptb_distill_grassmann_light,ptb,ptb_distill_grassmann_light,42,8,256,0.7,4.718980727632939,79.03815473439217,0.3099535479780085,1.415694218289882,55.326708314074516,0.9750505062332812,594.9999999999999
outputs/distill_experiments/20260328_112507_ptb_distill_grassmann_light,ptb,ptb_distill_grassmann_light,42,9,256,0.7,4.697283311587353,76.83438075461562,0.301311297076924,1.4091849934762062,53.78406652823093,0.9744681649545146,594.9999999999999
outputs/distill_experiments/20260328_112507_ptb_distill_grassmann_light,ptb,ptb_distill_grassmann_light,42,10,256,0.7,4.690714364117345,76.1983832702843,0.29881718929523254,1.4072143092352036,53.338868289199006,0.9742956163720936,594.9999999999999
outputs/distill_experiments/20260328_113211_ptb_distill_transformer_control,ptb,ptb_distill_transformer_control,42,1,256,0.7,8.974532286361898,1058.363911167462,4.150446710460635,2.6923596859085697,740.8547378172234,0.9963790327540117,594.9999999999999
outputs/distill_experiments/20260328_113211_ptb_distill_transformer_control,ptb,ptb_distill_transformer_control,42,2,256,0.7,6.387661734205238,376.85514429018934,1.477863310941919,1.9162985202615719,263.79860100313255,0.9927881405081205,594.9999999999999
outputs/distill_experiments/20260328_113211_ptb_distill_transformer_control,ptb,ptb_distill_transformer_control,42,3,256,0.7,5.849682762698564,239.4554725057452,0.9390410686499812,1.7549048288095697,167.61883075402164,0.9896388609321819,594.9999999999999
outputs/distill_experiments/20260328_113211_ptb_distill_transformer_control,ptb,ptb_distill_transformer_control,42,4,256,0.7,5.416474293899794,163.14855457227708,0.639798253224616,1.6249422881699385,114.20398820059394,0.9859711880156956,594.9999999999999
outputs/distill_experiments/20260328_113211_ptb_distill_transformer_control,ptb,ptb_distill_transformer_control,42,5,256,0.7,5.143132242218657,125.52769987033707,0.49226548968759637,1.5429396726655973,87.86938990923595,0.9827435468924645,594.9999999999999
outputs/distill_experiments/20260328_113211_ptb_distill_transformer_control,ptb,ptb_distill_transformer_control,42,6,256,0.7,5.0000734353930225,108.7335321624474,0.4264060084801859,1.500022030617907,76.11347251371318,0.9806731801032211,594.9999999999999
outputs/distill_experiments/20260328_113211_ptb_distill_transformer_control,ptb,ptb_distill_transformer_control,42,7,256,0.7,4.915479092534584,99.48851892308465,0.390151054600332,1.4746437277603754,69.64196324615925,0.9792644251391075,594.9999999999999
outputs/distill_experiments/20260328_113211_ptb_distill_transformer_control,ptb,ptb_distill_transformer_control,42,8,256,0.7,4.8654988935117816,94.20631972431303,0.36943654793848246,1.4596496680535347,65.94442380701912,0.9783447855181433,594.9999999999999
outputs/distill_experiments/20260328_113211_ptb_distill_transformer_control,ptb,ptb_distill_transformer_control,42,9,256,0.7,4.839813795839513,91.50249668369693,0.3588333203282233,1.4519441387518541,64.05174767858784,0.9778341632590621,594.9999999999999
outputs/distill_experiments/20260328_113211_ptb_distill_transformer_control,ptb,ptb_distill_transformer_control,42,10,256,0.7,4.8309725529171645,90.58905727612486,0.3552512050044112,1.4492917658751496,63.4123400932874,0.9776556382512536,594.9999999999999
outputs/distill_experiments/20260328_124550_ptb_distill_grassmann_sanity_240x64_a,ptb,ptb_distill_grassmann_sanity_240x64_a,42,1,256,0.3,8.86207774276802,1021.591585768158,4.006241512816306,6.203454419937614,306.4774757304474,0.9801604324991805,109.28571428571429
outputs/distill_experiments/20260328_124550_ptb_distill_grassmann_sanity_240x64_a,ptb,ptb_distill_grassmann_sanity_240x64_a,42,2,256,0.3,6.325798049169662,353.05582667739844,1.3845326536368567,4.428058634418763,105.91674800321952,0.9598707110071788,109.28571428571429
outputs/distill_experiments/20260328_124550_ptb_distill_grassmann_sanity_240x64_a,ptb,ptb_distill_grassmann_sanity_240x64_a,42,3,256,0.3,5.563337969495305,192.06155189948996,0.7531825564685881,3.8943365786467132,57.61846556984698,0.9366906328011904,109.28571428571429
outputs/distill_experiments/20260328_124550_ptb_distill_grassmann_sanity_240x64_a,ptb,ptb_distill_grassmann_sanity_240x64_a,42,4,256,0.3,4.992976584824444,110.83608217146998,0.4346513026332156,3.4950836093771103,33.25082465144099,0.9048850940200084,109.28571428571429
outputs/distill_experiments/20260328_124550_ptb_distill_grassmann_sanity_240x64_a,ptb,ptb_distill_grassmann_sanity_240x64_a,42,5,256,0.3,4.74963224071134,82.83641380865205,0.3248486816025571,3.3247425684979377,24.850924142595616,0.8819995067875752,109.28571428571429
outputs/distill_experiments/20260328_124550_ptb_distill_grassmann_sanity_240x64_a,ptb,ptb_distill_grassmann_sanity_240x64_a,42,6,256,0.3,4.616377656270212,69.47691015822309,0.272458471208718,3.2314643593891486,20.843073047466927,0.865772525354158,109.28571428571429
outputs/distill_experiments/20260328_124550_ptb_distill_grassmann_sanity_240x64_a,ptb,ptb_distill_grassmann_sanity_240x64_a,42,7,256,0.3,4.538650135329028,62.24718509372437,0.2441066082106838,3.1770550947303193,18.67415552811731,0.8546050765988961,109.28571428571429
outputs/distill_experiments/20260328_124550_ptb_distill_grassmann_sanity_240x64_a,ptb,ptb_distill_grassmann_sanity_240x64_a,42,8,256,0.3,4.494418824086938,58.31694244656323,0.2286938919473068,3.146093176860856,17.495082733968967,0.8475816886377006,109.28571428571429
outputs/distill_experiments/20260328_124550_ptb_distill_grassmann_sanity_240x64_a,ptb,ptb_distill_grassmann_sanity_240x64_a,42,9,256,0.3,4.474315118671511,56.52780605366864,0.22167767079870054,3.1320205830700574,16.958341816100592,0.8441033306995323,109.28571428571429
outputs/distill_experiments/20260328_124550_ptb_distill_grassmann_sanity_240x64_a,ptb,ptb_distill_grassmann_sanity_240x64_a,42,10,256,0.3,4.46753142604583,55.94503022529274,0.21939227539330486,3.127271998232081,16.783509067587822,0.8429357448161311,109.28571428571429
outputs/distill_experiments/20260328_130032_ptb_distill_grassmann_sanity_240x64_b,ptb,ptb_distill_grassmann_sanity_240x64_b,42,1,256,0.5,9.315148982198208,581.4162536779216,2.2800637399134183,4.657574491099104,290.7081268389608,0.9842311599819288,255.0
outputs/distill_experiments/20260328_130032_ptb_distill_grassmann_sanity_240x64_b,ptb,ptb_distill_grassmann_sanity_240x64_b,42,2,256,0.5,6.785964418837927,127.04626323736903,0.4982206401465452,3.3929822094189634,63.523131618684516,0.9492949901703053,255.0
outputs/distill_experiments/20260328_130032_ptb_distill_grassmann_sanity_240x64_b,ptb,ptb_distill_grassmann_sanity_240x64_b,42,3,256,0.5,6.195939070900756,102.15291620036669,0.400599671373987,3.097969535450378,51.076458100183345,0.9428149097155821,255.0
outputs/distill_experiments/20260328_130032_ptb_distill_grassmann_sanity_240x64_b,ptb,ptb_distill_grassmann_sanity_240x64_b,42,4,256,0.5,5.807012878524529,77.44491363167897,0.30370554365364305,2.9035064392622645,38.722456815839486,0.9302477057054912,255.0
outputs/distill_experiments/20260328_130032_ptb_distill_grassmann_sanity_240x64_b,ptb,ptb_distill_grassmann_sanity_240x64_b,42,5,256,0.5,5.521279343508149,63.35876358369096,0.24846573954388612,2.7606396717540744,31.67938179184548,0.919842103621455,255.0
outputs/distill_experiments/20260328_130032_ptb_distill_grassmann_sanity_240x64_b,ptb,ptb_distill_grassmann_sanity_240x64_b,42,6,256,0.5,5.327290667314523,53.741053733129604,0.21074923032599846,2.6636453336572616,26.870526866564802,0.9098114104705723,255.0
outputs/distill_experiments/20260328_130032_ptb_distill_grassmann_sanity_240x64_b,ptb,ptb_distill_grassmann_sanity_240x64_b,42,7,256,0.5,5.227920002216529,48.5671094364614,0.1904592526920055,2.6139600011082647,24.2835547182307,0.9028177871307619,255.0
outputs/distill_experiments/20260328_130032_ptb_distill_grassmann_sanity_240x64_b,ptb,ptb_distill_grassmann_sanity_240x64_b,42,8,256,0.5,5.171910153286069,45.77648984217703,0.17951564643990991,2.5859550766430344,22.888244921088514,0.8984872900081922,255.0
outputs/distill_experiments/20260328_130032_ptb_distill_grassmann_sanity_240x64_b,ptb,ptb_distill_grassmann_sanity_240x64_b,42,9,256,0.5,5.145299667548317,44.5009156794504,0.17451339482137412,2.5726498337741583,22.2504578397252,0.8963606866790227,255.0
outputs/distill_experiments/20260328_130032_ptb_distill_grassmann_sanity_240x64_b,ptb,ptb_distill_grassmann_sanity_240x64_b,42,10,256,0.5,5.136821018089231,44.112513620162176,0.17299024949083205,2.5684105090446154,22.056256810081088,0.8956976565100736,255.0
outputs/distill_experiments/20260328_132103_ptb_distill_hybrid_lite_mild,ptb,ptb_distill_hybrid_lite_mild,42,1,256,0.3,8.988831916782441,1062.8104688795227,4.1678841916844025,6.292182341747709,318.8431406638568,0.980647496914264,109.28571428571429
outputs/distill_experiments/20260328_132103_ptb_distill_hybrid_lite_mild,ptb,ptb_distill_hybrid_lite_mild,42,2,256,0.3,6.354207096886167,376.58456462835187,1.4768022142288308,4.447944967820317,112.97536938850556,0.9621204273427094,109.28571428571429
outputs/distill_experiments/20260328_132103_ptb_distill_hybrid_lite_mild,ptb,ptb_distill_hybrid_lite_mild,42,3,256,0.3,5.7003074506565,218.17588490595497,0.8555917055135489,3.99021521545955,65.45276547178649,0.9425396897430068,109.28571428571429
outputs/distill_experiments/20260328_132103_ptb_distill_hybrid_lite_mild,ptb,ptb_distill_hybrid_lite_mild,42,4,256,0.3,5.206587610225415,136.30471339766092,0.5345282878339643,3.64461132715779,40.891414019298274,0.9181648721724601,109.28571428571429
outputs/distill_experiments/20260328_132103_ptb_distill_hybrid_lite_mild,ptb,ptb_distill_hybrid_lite_mild,42,5,256,0.3,4.947921884626546,104.16039056298861,0.4084721198548573,3.463545319238582,31.24811716889658,0.9002195495412396,109.28571428571429
outputs/distill_experiments/20260328_132103_ptb_distill_hybrid_lite_mild,ptb,ptb_distill_hybrid_lite_mild,42,6,256,0.3,4.794644580066781,87.79421991398539,0.3442910584862172,3.3562512060467466,26.338265974195615,0.8869740435355564,109.28571428571429
outputs/distill_experiments/20260328_132103_ptb_distill_hybrid_lite_mild,ptb,ptb_distill_hybrid_lite_mild,42,7,256,0.3,4.699632776672439,78.30512150581636,0.3070789078659465,3.289742943670707,23.491536451744906,0.8771625920069435,109.28571428571429
outputs/distill_experiments/20260328_132103_ptb_distill_hybrid_lite_mild,ptb,ptb_distill_hybrid_lite_mild,42,8,256,0.3,4.64598285037404,73.01084301100575,0.2863170314157088,3.252187995261828,21.903252903301723,0.8707163190509797,109.28571428571429
outputs/distill_experiments/20260328_132103_ptb_distill_hybrid_lite_mild,ptb,ptb_distill_hybrid_lite_mild,42,9,256,0.3,4.6188677009845485,70.3967147933709,0.2760655482092977,3.233207390689184,21.11901443801127,0.8672315235368516,109.28571428571429
outputs/distill_experiments/20260328_132103_ptb_distill_hybrid_lite_mild,ptb,ptb_distill_hybrid_lite_mild,42,10,256,0.3,4.609982074716924,69.54409927880343,0.2727219579560919,3.2269874523018465,20.863229783641028,0.8660457304848566,109.28571428571429
outputs/distill_experiments/20260328_133305_ptb_distill_hybrid_lite_balanced,ptb,ptb_distill_hybrid_lite_balanced,42,1,256,0.3,9.189994090794174,1114.9463578250177,4.372338658137324,6.432995863555922,334.4839073475053,0.9811303112196428,109.28571428571429
outputs/distill_experiments/20260328_133305_ptb_distill_hybrid_lite_balanced,ptb,ptb_distill_hybrid_lite_balanced,42,2,256,0.3,6.558760198286778,419.4704355754195,1.6449821002957628,4.591132138800744,125.84113067262585,0.9648006402722736,109.28571428571429
outputs/distill_experiments/20260328_133305_ptb_distill_hybrid_lite_balanced,ptb,ptb_distill_hybrid_lite_balanced,42,3,256,0.3,5.958854160536569,270.24961600719365,1.059802415714485,4.171197912375598,81.0748848021581,0.9510687438114449,109.28571428571429
outputs/distill_experiments/20260328_133305_ptb_distill_hybrid_lite_balanced,ptb,ptb_distill_hybrid_lite_balanced,42,4,256,0.3,5.4525885521815045,172.24079673648498,0.6754541048489607,3.816811986527053,51.67223902094549,0.931215043017891,109.28571428571429
outputs/distill_experiments/20260328_133305_ptb_distill_hybrid_lite_balanced,ptb,ptb_distill_hybrid_lite_balanced,42,5,256,0.3,5.111855560606948,122.91536272310626,0.4820210302866912,3.578298892424863,36.874608816931875,0.9115440868148719,109.28571428571429
outputs/distill_experiments/20260328_133305_ptb_distill_hybrid_lite_balanced,ptb,ptb_distill_hybrid_lite_balanced,42,6,256,0.3,4.933233348870497,101.14794899875395,0.3966586235245253,3.453263344209348,30.344384699626183,0.897825335664468,109.28571428571429
outputs/distill_experiments/20260328_133305_ptb_distill_hybrid_lite_balanced,ptb,ptb_distill_hybrid_lite_balanced,42,7,256,0.3,4.833736425263572,90.1108384739308,0.3533758371526698,3.3836154976845,27.03325154217924,0.8887585794667807,109.28571428571429
outputs/distill_experiments/20260328_133305_ptb_distill_hybrid_lite_balanced,ptb,ptb_distill_hybrid_lite_balanced,42,8,256,0.3,4.775911519269091,84.01341811298491,0.32946438475680356,3.343138063488363,25.20402543389547,0.8828907094817059,109.28571428571429
outputs/distill_experiments/20260328_133305_ptb_distill_hybrid_lite_balanced,ptb,ptb_distill_hybrid_lite_balanced,42,9,256,0.3,4.747398174837597,81.05602969594784,0.31786678312136407,3.323178722386318,24.316808908784353,0.8797691675289087,109.28571428571429
outputs/distill_experiments/20260328_133305_ptb_distill_hybrid_lite_balanced,ptb,ptb_distill_hybrid_lite_balanced,42,10,256,0.3,4.738525394814378,80.17181655839103,0.3143992806211413,3.3169677763700642,24.05154496751731,0.8788035065182381,109.28571428571429
outputs/distill_experiments/20260328_134315_ptb_distill_hybrid_lite_mild_hot,ptb,ptb_distill_hybrid_lite_mild_hot,42,1,256,0.5,9.433573752809522,592.5437566590057,2.3237010065059045,4.716786876404761,296.27187832950284,0.9843290215823312,255.0
outputs/distill_experiments/20260328_134315_ptb_distill_hybrid_lite_mild_hot,ptb,ptb_distill_hybrid_lite_mild_hot,42,2,256,0.5,6.812591221666089,130.5623177487347,0.5120090892107243,3.4062956108330447,65.28115887436735,0.9504087662534215,255.0
outputs/distill_experiments/20260328_134315_ptb_distill_hybrid_lite_mild_hot,ptb,ptb_distill_hybrid_lite_mild_hot,42,3,256,0.5,6.201951346168595,100.48850098996851,0.3940725529018373,3.1009756730842977,50.24425049498426,0.9418696686501166,255.0
outputs/distill_experiments/20260328_134315_ptb_distill_hybrid_lite_mild_hot,ptb,ptb_distill_hybrid_lite_mild_hot,42,4,256,0.5,5.882762716331577,81.68076822547715,0.3203167381391261,2.9413813581657884,40.840384112738576,0.9328172053701098,255.0
outputs/distill_experiments/20260328_134315_ptb_distill_hybrid_lite_mild_hot,ptb,ptb_distill_hybrid_lite_mild_hot,42,5,256,0.5,5.662133215031771,67.96206593540344,0.2665179056290331,2.8310666075158855,33.98103296770172,0.9230941282843373,255.0
outputs/distill_experiments/20260328_134315_ptb_distill_hybrid_lite_mild_hot,ptb,ptb_distill_hybrid_lite_mild_hot,42,6,256,0.5,5.491527607001064,59.46491834155395,0.23319575820217234,2.745763803500532,29.732459170776973,0.9154583116916477,255.0
outputs/distill_experiments/20260328_134315_ptb_distill_hybrid_lite_mild_hot,ptb,ptb_distill_hybrid_lite_mild_hot,42,7,256,0.5,5.371955907997394,53.80099754823331,0.21098430411071886,2.685977953998697,26.900498774116656,0.9092160253253043,255.0
outputs/distill_experiments/20260328_134315_ptb_distill_hybrid_lite_mild_hot,ptb,ptb_distill_hybrid_lite_mild_hot,42,8,256,0.5,5.300076041572882,50.4949043817041,0.19801923286942785,2.650038020786441,25.24745219085205,0.9050080132412458,255.0
outputs/distill_experiments/20260328_134315_ptb_distill_hybrid_lite_mild_hot,ptb,ptb_distill_hybrid_lite_mild_hot,42,9,256,0.5,5.263992209884599,48.84491775196451,0.1915486970665275,2.6319961049422993,24.422458875982255,0.902714872400939,255.0
outputs/distill_experiments/20260328_134315_ptb_distill_hybrid_lite_mild_hot,ptb,ptb_distill_hybrid_lite_mild_hot,42,10,256,0.5,5.253856499524341,48.345092577503515,0.18958859834315103,2.6269282497621704,24.172546288751757,0.9019783673001882,255.0
outputs/distill_experiments/20260329_111514_ptb_hybrid_lite_warmstart_ce_only,ptb,ptb_hybrid_lite_warmstart_ce_only,42,1,256,0.0,3.505302074283704,100.33128502337239,0.39345601969949956,3.505302074283704,0.0,0.0,0.0
outputs/distill_experiments/20260329_111514_ptb_hybrid_lite_warmstart_ce_only,ptb,ptb_hybrid_lite_warmstart_ce_only,42,2,256,0.0,3.487822113017774,103.0247519953505,0.40401863527588433,3.487822113017774,0.0,0.0,0.0
outputs/distill_experiments/20260329_111514_ptb_hybrid_lite_warmstart_ce_only,ptb,ptb_hybrid_lite_warmstart_ce_only,42,3,256,0.0,3.4709048394712143,106.21596388742714,0.41653319171540054,3.4709048394712143,0.0,0.0,0.0
outputs/distill_experiments/20260329_111514_ptb_hybrid_lite_warmstart_ce_only,ptb,ptb_hybrid_lite_warmstart_ce_only,42,4,256,0.0,3.4564435576017605,109.4912386604407,0.42937740651153217,3.4564435576017605,0.0,0.0,0.0
outputs/distill_experiments/20260329_111514_ptb_hybrid_lite_warmstart_ce_only,ptb,ptb_hybrid_lite_warmstart_ce_only,42,5,256,0.0,3.443272125938503,112.4582820650854,0.4410128708434721,3.443272125938503,0.0,0.0,0.0
outputs/distill_experiments/20260329_111514_ptb_hybrid_lite_warmstart_ce_only,ptb,ptb_hybrid_lite_warmstart_ce_only,42,6,256,0.0,3.433062187425992,114.81947493204046,0.45027245071388416,3.433062187425992,0.0,0.0,0.0
outputs/distill_experiments/20260329_111514_ptb_hybrid_lite_warmstart_ce_only,ptb,ptb_hybrid_lite_warmstart_ce_only,42,7,256,0.0,3.424292489359255,116.5646576371164,0.45711630445928,3.424292489359255,0.0,0.0,0.0
outputs/distill_experiments/20260329_111514_ptb_hybrid_lite_warmstart_ce_only,ptb,ptb_hybrid_lite_warmstart_ce_only,42,8,256,0.0,3.4183967816021346,117.57541574339363,0.46108006173879856,3.4183967816021346,0.0,0.0,0.0
outputs/distill_experiments/20260329_111514_ptb_hybrid_lite_warmstart_ce_only,ptb,ptb_hybrid_lite_warmstart_ce_only,42,9,256,0.0,3.414676562330964,118.13092621083355,0.4632585341601316,3.414676562330964,0.0,0.0,0.0
outputs/distill_experiments/20260329_111514_ptb_hybrid_lite_warmstart_ce_only,ptb,ptb_hybrid_lite_warmstart_ce_only,42,10,256,0.0,3.412837729364882,118.26497052375946,0.46378419813239,3.412837729364882,0.0,0.0,0.0
outputs/distill_experiments/20260329_112627_ptb_hybrid_lite_warmstart_kd01,ptb,ptb_hybrid_lite_warmstart_kd01,42,1,256,0.1,3.6035311311772076,72.67848348477908,0.28501366072462386,3.2431780180594867,7.267848348477909,0.6914499207818205,28.333333333333336
outputs/distill_experiments/20260329_112627_ptb_hybrid_lite_warmstart_kd01,ptb,ptb_hybrid_lite_warmstart_kd01,42,2,256,0.1,3.713519885051785,48.373182067733595,0.1896987532067984,3.3421678965466066,4.83731820677336,0.5913963476030535,28.333333333333336
outputs/distill_experiments/20260329_112627_ptb_hybrid_lite_warmstart_kd01,ptb,ptb_hybrid_lite_warmstart_kd01,42,3,256,0.1,3.740434092480633,40.92793254762062,0.1605016962651789,3.3663906832325696,4.0927932547620625,0.5486918259133842,28.333333333333336
outputs/distill_experiments/20260329_112627_ptb_hybrid_lite_warmstart_kd01,ptb,ptb_hybrid_lite_warmstart_kd01,42,4,256,0.1,3.7518019103660163,36.85703907842221,0.14453740815067534,3.376621719329415,3.685703907842221,0.521882465127609,28.333333333333336
outputs/distill_experiments/20260329_112627_ptb_hybrid_lite_warmstart_kd01,ptb,ptb_hybrid_lite_warmstart_kd01,42,5,256,0.1,3.7570809072458844,34.273694490629104,0.1344066450612906,3.381372816521296,3.4273694490629105,0.5033777627899143,28.333333333333336
outputs/distill_experiments/20260329_112627_ptb_hybrid_lite_warmstart_kd01,ptb,ptb_hybrid_lite_warmstart_kd01,42,6,256,0.1,3.7596966388875983,32.61555175712501,0.12790412453774513,3.3837269749988383,3.2615551757125014,0.49080762889253243,28.333333333333336
outputs/distill_experiments/20260329_112627_ptb_hybrid_lite_warmstart_kd01,ptb,ptb_hybrid_lite_warmstart_kd01,42,7,256,0.1,3.7610413341754243,31.563901773630217,0.12378000695541262,3.3849372007578817,3.156390177363022,0.4825305316349635,28.333333333333336
outputs/distill_experiments/20260329_112627_ptb_hybrid_lite_warmstart_kd01,ptb,ptb_hybrid_lite_warmstart_kd01,42,8,256,0.1,3.760528375394013,30.944697893318438,0.12135175644438603,3.3844755378546116,3.094469789331844,0.4776193706014259,28.333333333333336
outputs/distill_experiments/20260329_112627_ptb_hybrid_lite_warmstart_kd01,ptb,ptb_hybrid_lite_warmstart_kd01,42,9,256,0.1,3.7605667731385424,30.648119763389154,0.12018870495446728,3.3845100958246883,3.0648119763389157,0.47521459496761337,28.333333333333336
outputs/distill_experiments/20260329_112627_ptb_hybrid_lite_warmstart_kd01,ptb,ptb_hybrid_lite_warmstart_kd01,42,10,256,0.1,3.7600680075402892,30.562711143794427,0.1198537691913507,3.3840612067862605,3.056271114379443,0.47455177186047076,28.333333333333336
outputs/distill_experiments/20260329_113755_ptb_hybrid_lite_warmstart_kd02,ptb,ptb_hybrid_lite_warmstart_kd02,42,1,256,0.2,3.6111022446923062,72.49417831307463,0.2842908953453907,2.888881795753845,14.498835662614926,0.8338550299847771,63.75
outputs/distill_experiments/20260329_113755_ptb_hybrid_lite_warmstart_kd02,ptb,ptb_hybrid_lite_warmstart_kd02,42,2,256,0.2,3.7319230193301185,47.89115077596872,0.1878084344155636,2.985538415464095,9.578230155193744,0.7623691968955321,63.75
outputs/distill_experiments/20260329_113755_ptb_hybrid_lite_warmstart_kd02,ptb,ptb_hybrid_lite_warmstart_kd02,42,3,256,0.2,3.762485299407966,40.36580781706767,0.1582972855571281,3.009988239526373,8.073161563413533,0.7284176165580702,63.75
outputs/distill_experiments/20260329_113755_ptb_hybrid_lite_warmstart_kd02,ptb,ptb_hybrid_lite_warmstart_kd02,42,4,256,0.2,3.7757767302733765,36.277717555098285,0.1422655590396011,3.0206213842187015,7.255543511019657,0.7060555747194792,63.75
outputs/distill_experiments/20260329_113755_ptb_hybrid_lite_warmstart_kd02,ptb,ptb_hybrid_lite_warmstart_kd02,42,5,256,0.2,3.782344713864173,33.68353770256687,0.13209230471594852,3.0258757710913384,6.736707540513375,0.6900537824353825,63.75
outputs/distill_experiments/20260329_113755_ptb_hybrid_lite_warmstart_kd02,ptb,ptb_hybrid_lite_warmstart_kd02,42,6,256,0.2,3.7858386733129663,32.01390692274107,0.12554473303035715,3.0286709386503734,6.402781384548215,0.6788754441136561,63.75
outputs/distill_experiments/20260329_113755_ptb_hybrid_lite_warmstart_kd02,ptb,ptb_hybrid_lite_warmstart_kd02,42,7,256,0.2,3.7878750784758592,30.95696574617383,0.12139986567126991,3.0303000627806878,6.1913931492347665,0.6713943965483105,63.75
outputs/distill_experiments/20260329_113755_ptb_hybrid_lite_warmstart_kd02,ptb,ptb_hybrid_lite_warmstart_kd02,42,8,256,0.2,3.7878482614075932,30.334306673521287,0.11895806538635799,3.030278609126075,6.0668613347042575,0.6668976592823325,63.75
outputs/distill_experiments/20260329_113755_ptb_hybrid_lite_warmstart_kd02,ptb,ptb_hybrid_lite_warmstart_kd02,42,9,256,0.2,3.7882224719087723,30.033509760833212,0.11777846965032632,3.030577977527018,6.006701952166643,0.664658171363101,63.75
outputs/distill_experiments/20260329_113755_ptb_hybrid_lite_warmstart_kd02,ptb,ptb_hybrid_lite_warmstart_kd02,42,10,256,0.2,3.7878447160121422,29.947588606282487,0.11744152394620583,3.030275772809714,5.989517721256497,0.664041557625103,63.75
outputs/distill_experiments/20260402_112236_ptb_hybrid_lite_warmstart_kd005,ptb,ptb_hybrid_lite_warmstart_kd005,42,1,256,0.05,3.6216673331100626,66.59529415748494,0.26115801630386254,3.440583966454559,3.329764707874247,0.4918158381561273,13.421052631578949
outputs/distill_experiments/20260402_112236_ptb_hybrid_lite_warmstart_kd005,ptb,ptb_hybrid_lite_warmstart_kd005,42,2,256,0.05,3.7108593836215253,41.795024343320016,0.16390205624831378,3.5253164144404487,2.089751217166001,0.3721684856301777,13.421052631578949
outputs/distill_experiments/20260402_112236_ptb_hybrid_lite_warmstart_kd005,ptb,ptb_hybrid_lite_warmstart_kd005,42,3,256,0.05,3.7214971557612033,35.046618717483206,0.13743772046071845,3.535422297973143,1.7523309358741603,0.3313942346358675,13.421052631578949
outputs/distill_experiments/20260402_112236_ptb_hybrid_lite_warmstart_kd005,ptb,ptb_hybrid_lite_warmstart_kd005,42,4,256,0.05,3.7224865565028216,31.466877082898613,0.12339951797215142,3.5363622286776804,1.5733438541449307,0.30791278962875546,13.421052631578949
outputs/distill_experiments/20260402_112236_ptb_hybrid_lite_warmstart_kd005,ptb,ptb_hybrid_lite_warmstart_kd005,42,5,256,0.05,3.7201908843746647,29.25898500336374,0.11474111766024996,3.534181340155931,1.462949250168187,0.29275785847999997,13.421052631578949
outputs/distill_experiments/20260402_112236_ptb_hybrid_lite_warmstart_kd005,ptb,ptb_hybrid_lite_warmstart_kd005,42,6,256,0.05,3.7174512334545606,27.847070991737827,0.10920419996759932,3.5315786717818325,1.3923535495868915,0.28277268796357513,13.421052631578949
outputs/distill_experiments/20260402_112236_ptb_hybrid_lite_warmstart_kd005,ptb,ptb_hybrid_lite_warmstart_kd005,42,7,256,0.05,3.7150009532961983,26.948410061249515,0.10568003945588045,3.5292509056313883,1.3474205030624757,0.27629921931183793,13.421052631578949
outputs/distill_experiments/20260402_112236_ptb_hybrid_lite_warmstart_kd005,ptb,ptb_hybrid_lite_warmstart_kd005,42,8,256,0.05,3.7115969027879943,26.417166555430015,0.10359673158992162,3.5260170576485943,1.320858327771501,0.27251749276343684,13.421052631578949
outputs/distill_experiments/20260402_112236_ptb_hybrid_lite_warmstart_kd005,ptb,ptb_hybrid_lite_warmstart_kd005,42,9,256,0.05,3.7099765669416,26.157394628316386,0.10257801815026034,3.52447773859452,1.3078697314158194,0.27064894226511843,13.421052631578949
outputs/distill_experiments/20260402_112236_ptb_hybrid_lite_warmstart_kd005,ptb,ptb_hybrid_lite_warmstart_kd005,42,10,256,0.05,3.7088354261213126,26.078910323622313,0.10227023656322476,3.523393654815247,1.3039455161811158,0.27011682212335236,13.421052631578949
outputs/distill_experiments/20260402_113420_ptb_hybrid_lite_warmstart_kd015,ptb,ptb_hybrid_lite_warmstart_kd015,42,1,256,0.15,3.646957057047116,65.63367643654951,0.2573869664178412,3.0999134984900483,9.845051465482426,0.7605313334475982,45.0
outputs/distill_experiments/20260402_113420_ptb_hybrid_lite_warmstart_kd015,ptb,ptb_hybrid_lite_warmstart_kd015,42,2,256,0.15,3.7626576381751238,39.81627533086169,0.15614225619945762,3.198258992448855,5.972441299629254,0.6512524790269729,45.0
outputs/distill_experiments/20260402_113420_ptb_hybrid_lite_warmstart_kd015,ptb,ptb_hybrid_lite_warmstart_kd015,42,3,256,0.15,3.7811232016521092,32.88609890466232,0.1289650937437738,3.213954721404293,4.932914835699347,0.6054981979425589,45.0
outputs/distill_experiments/20260402_113420_ptb_hybrid_lite_warmstart_kd015,ptb,ptb_hybrid_lite_warmstart_kd015,42,4,256,0.15,3.787363711926657,29.15997639291054,0.11435284859964917,3.2192591551376584,4.373996458936581,0.576037036186336,45.0
outputs/distill_experiments/20260402_113420_ptb_hybrid_lite_warmstart_kd015,ptb,ptb_hybrid_lite_warmstart_kd015,42,5,256,0.15,3.7889966434604228,26.8216901862103,0.10518309876945216,3.220647146941359,4.023253527931545,0.5553987704286315,45.0
outputs/distill_experiments/20260402_113420_ptb_hybrid_lite_warmstart_kd015,ptb,ptb_hybrid_lite_warmstart_kd015,42,6,256,0.15,3.7887951022575876,25.300250953799782,0.09921667040705796,3.2204758369189492,3.7950376430699673,0.540949376534583,45.0
outputs/distill_experiments/20260402_113420_ptb_hybrid_lite_warmstart_kd015,ptb,ptb_hybrid_lite_warmstart_kd015,42,7,256,0.15,3.7884260801937053,24.326855100256605,0.09539943176571218,3.2201621681646495,3.6490282650384906,0.5312166405229399,45.0
outputs/distill_experiments/20260402_113420_ptb_hybrid_lite_warmstart_kd015,ptb,ptb_hybrid_lite_warmstart_kd015,42,8,256,0.15,3.7864610488738637,23.74204782785449,0.09310606991315486,3.2184918915427843,3.561307174178173,0.5252821122950887,45.0
outputs/distill_experiments/20260402_113420_ptb_hybrid_lite_warmstart_kd015,ptb,ptb_hybrid_lite_warmstart_kd015,42,9,256,0.15,3.785782076534212,23.447751078527237,0.0919519650138323,3.21791476505408,3.517162661779085,0.5222156240945928,45.0
outputs/distill_experiments/20260402_113420_ptb_hybrid_lite_warmstart_kd015,ptb,ptb_hybrid_lite_warmstart_kd015,42,10,256,0.15,3.7849949173735027,23.35923267973788,0.09160483403818775,3.217245679767477,3.503884901960682,0.5213237355462526,45.0
outputs/distill_experiments/20260402_115939_ptb_hybrid_lite_warmstart_224x56_l4_kd01,ptb,ptb_hybrid_lite_warmstart_224x56_l4_kd01,42,1,256,0.1,3.650552582703187,69.24424536718551,0.2715460602634726,3.285497324432868,6.9244245367185515,0.678205438874696,28.333333333333336
outputs/distill_experiments/20260402_115939_ptb_hybrid_lite_warmstart_224x56_l4_kd01,ptb,ptb_hybrid_lite_warmstart_224x56_l4_kd01,42,2,256,0.1,3.759241500666722,42.79993640928017,0.16784288787953008,3.38331735060005,4.2799936409280175,0.5585044957277122,28.333333333333336
outputs/distill_experiments/20260402_115939_ptb_hybrid_lite_warmstart_224x56_l4_kd01,ptb,ptb_hybrid_lite_warmstart_224x56_l4_kd01,42,3,256,0.1,3.7778788761771405,35.43029232158347,0.13894232282973912,3.4000909885594264,3.5430292321583474,0.510293516391406,28.333333333333336
outputs/distill_experiments/20260402_115939_ptb_hybrid_lite_warmstart_224x56_l4_kd01,ptb,ptb_hybrid_lite_warmstart_224x56_l4_kd01,42,4,256,0.1,3.7825810593456586,31.505088455533627,0.12354936649228873,3.404322953411093,3.1505088455533627,0.480639159352813,28.333333333333336
outputs/distill_experiments/20260402_115939_ptb_hybrid_lite_warmstart_224x56_l4_kd01,ptb,ptb_hybrid_lite_warmstart_224x56_l4_kd01,42,5,256,0.1,3.783634696841428,29.031055360206697,0.1138472759223792,3.405271227157285,2.9031055360206697,0.4601985019293901,28.333333333333336
outputs/distill_experiments/20260402_115939_ptb_hybrid_lite_warmstart_224x56_l4_kd01,ptb,ptb_hybrid_lite_warmstart_224x56_l4_kd01,42,6,256,0.1,3.782758750741507,27.432577894141637,0.10757873683977112,3.404482875667356,2.743257789414164,0.4462221064391284,28.333333333333336
outputs/distill_experiments/20260402_115939_ptb_hybrid_lite_warmstart_224x56_l4_kd01,ptb,ptb_hybrid_lite_warmstart_224x56_l4_kd01,42,7,256,0.1,3.78158822009144,26.402472488942998,0.10353910779977646,3.403429398082296,2.6402472488943,0.4368611034501833,28.333333333333336
outputs/distill_experiments/20260402_115939_ptb_hybrid_lite_warmstart_224x56_l4_kd01,ptb,ptb_hybrid_lite_warmstart_224x56_l4_kd01,42,8,256,0.1,3.7805058067783253,25.810411813318744,0.10121730122870096,3.402455226100493,2.5810411813318748,0.4313600285822598,28.333333333333336
outputs/distill_experiments/20260402_115939_ptb_hybrid_lite_warmstart_224x56_l4_kd01,ptb,ptb_hybrid_lite_warmstart_224x56_l4_kd01,42,9,256,0.1,3.778695276444709,25.50643973663117,0.10002525386914184,3.400825748800238,2.5506439736631172,0.42857379649196764,28.333333333333336
outputs/distill_experiments/20260402_115939_ptb_hybrid_lite_warmstart_224x56_l4_kd01,ptb,ptb_hybrid_lite_warmstart_224x56_l4_kd01,42,10,256,0.1,3.777974293129378,25.39932766506387,0.09960520652966223,3.4001768638164402,2.539932766506387,0.42759021711327394,28.333333333333336
outputs/distill_experiments/20260402_122339_ptb_hybrid_lite_warmstart_192x48_kd01,ptb,ptb_hybrid_lite_warmstart_192x48_kd01,42,1,256,0.1,3.7409991916167518,66.36360220362351,0.2602494204063667,3.366899272455077,6.636360220362352,0.6634197808351779,28.333333333333336
outputs/distill_experiments/20260402_122339_ptb_hybrid_lite_warmstart_192x48_kd01,ptb,ptb_hybrid_lite_warmstart_192x48_kd01,42,2,256,0.1,3.8229498191845526,43.26324721214121,0.16965979298878905,3.440654837266097,4.326324721214121,0.5570150775651922,28.333333333333336
outputs/distill_experiments/20260402_122339_ptb_hybrid_lite_warmstart_192x48_kd01,ptb,ptb_hybrid_lite_warmstart_192x48_kd01,42,3,256,0.1,3.83468523624916,36.34109720417872,0.1425141066830538,3.451216712624244,3.6341097204178725,0.5129064630629236,28.333333333333336
outputs/distill_experiments/20260402_122339_ptb_hybrid_lite_warmstart_192x48_kd01,ptb,ptb_hybrid_lite_warmstart_192x48_kd01,42,4,256,0.1,3.8361411528105025,32.46887522502159,0.12732892245106506,3.4525270375294523,3.2468875225021594,0.48465242647811885,28.333333333333336
outputs/distill_experiments/20260402_122339_ptb_hybrid_lite_warmstart_192x48_kd01,ptb,ptb_hybrid_lite_warmstart_192x48_kd01,42,5,256,0.1,3.834493404091089,30.030129530430376,0.11776521384482501,3.45104406368198,3.003012953043038,0.46529073809869387,28.333333333333336
outputs/distill_experiments/20260402_122339_ptb_hybrid_lite_warmstart_192x48_kd01,ptb,ptb_hybrid_lite_warmstart_192x48_kd01,42,6,256,0.1,3.8316138927720105,28.42084759477829,0.1114543042932482,3.4484525034948095,2.8420847594778293,0.45180318320454266,28.333333333333336
outputs/distill_experiments/20260402_122339_ptb_hybrid_lite_warmstart_192x48_kd01,ptb,ptb_hybrid_lite_warmstart_192x48_kd01,42,7,256,0.1,3.828923365102477,27.390154874869953,0.10741237205831354,3.4460310285922295,2.7390154874869954,0.44284476767739656,28.333333333333336
outputs/distill_experiments/20260402_122339_ptb_hybrid_lite_warmstart_192x48_kd01,ptb,ptb_hybrid_lite_warmstart_192x48_kd01,42,8,256,0.1,3.8261505021896416,26.794137028322265,0.10507504716989123,3.4435354519706776,2.6794137028322265,0.43760182145730653,28.333333333333336
outputs/distill_experiments/20260402_122339_ptb_hybrid_lite_warmstart_192x48_kd01,ptb,ptb_hybrid_lite_warmstart_192x48_kd01,42,9,256,0.1,3.8251740059140404,26.48926022300368,0.10387945185491639,3.4426566053226364,2.648926022300368,0.43485021614719604,28.333333333333336
outputs/distill_experiments/20260402_122339_ptb_hybrid_lite_warmstart_192x48_kd01,ptb,ptb_hybrid_lite_warmstart_192x48_kd01,42,10,256,0.1,3.824593095581766,26.393252796191142,0.10350295214192605,3.4421337860235894,2.6393252796191145,0.4339954032626846,28.333333333333336
outputs/distill_experiments/20260402_131852_ptb_hybrid_lite_warmstart_192x48_l4_kd005,ptb,ptb_hybrid_lite_warmstart_192x48_l4_kd005,42,1,256,0.05,3.7384096956865345,70.15999847071802,0.27513724890477653,3.5514892109022074,3.5079999235359014,0.4969197992561421,13.421052631578949
outputs/distill_experiments/20260402_131852_ptb_hybrid_lite_warmstart_192x48_l4_kd005,ptb,ptb_hybrid_lite_warmstart_192x48_l4_kd005,42,2,256,0.05,3.8042188283155887,47.190744121162226,0.18506174165161657,3.614007886899809,2.3595372060581115,0.39499780604983087,13.421052631578949
outputs/distill_experiments/20260402_131852_ptb_hybrid_lite_warmstart_192x48_l4_kd005,ptb,ptb_hybrid_lite_warmstart_192x48_l4_kd005,42,3,256,0.05,3.812059365244808,40.02034647546928,0.15694253519791876,3.621456396982567,2.001017323773464,0.3558962519267045,13.421052631578949
outputs/distill_experiments/20260402_131852_ptb_hybrid_lite_warmstart_192x48_l4_kd005,ptb,ptb_hybrid_lite_warmstart_192x48_l4_kd005,42,4,256,0.05,3.8108910035109513,36.02774675270007,0.14128528138313753,3.6203464533354035,1.8013873376350036,0.33225300375962996,13.421052631578949
outputs/distill_experiments/20260402_131852_ptb_hybrid_lite_warmstart_192x48_l4_kd005,ptb,ptb_hybrid_lite_warmstart_192x48_l4_kd005,42,5,256,0.05,3.80777559105301,33.529318391645674,0.13148752310449283,3.617386811500359,1.6764659195822837,0.3166816314588772,13.421052631578949
outputs/distill_experiments/20260402_131852_ptb_hybrid_lite_warmstart_192x48_l4_kd005,ptb,ptb_hybrid_lite_warmstart_192x48_l4_kd005,42,6,256,0.05,3.803519698998283,31.901155415513703,0.12510257025691648,3.6133437140483684,1.5950577707756852,0.3062470847194239,13.421052631578949
outputs/distill_experiments/20260402_131852_ptb_hybrid_lite_warmstart_192x48_l4_kd005,ptb,ptb_hybrid_lite_warmstart_192x48_l4_kd005,42,7,256,0.05,3.7996572245614813,30.860163073573034,0.12102024734734523,3.609674363333407,1.5430081536786517,0.2994572533014148,13.421052631578949
outputs/distill_experiments/20260402_131852_ptb_hybrid_lite_warmstart_192x48_l4_kd005,ptb,ptb_hybrid_lite_warmstart_192x48_l4_kd005,42,8,256,0.05,3.796964617241715,30.267255719058763,0.1186951204668971,3.607116386379629,1.5133627859529382,0.29555100900128173,13.421052631578949
outputs/distill_experiments/20260402_131852_ptb_hybrid_lite_warmstart_192x48_l4_kd005,ptb,ptb_hybrid_lite_warmstart_192x48_l4_kd005,42,9,256,0.05,3.79515713656048,29.983146994896476,0.11758096860743716,3.6053992797324557,1.4991573497448238,0.2936900221828554,13.421052631578949
outputs/distill_experiments/20260402_131852_ptb_hybrid_lite_warmstart_192x48_l4_kd005,ptb,ptb_hybrid_lite_warmstart_192x48_l4_kd005,42,10,256,0.05,3.7945074189700208,29.8975469357636,0.11724528210103373,3.6047820480215194,1.4948773467881802,0.29313278222259853,13.421052631578949
outputs/distill_experiments/20260402_142019_ptb_hybrid_lite_warmstart_224x56_l6_seed123_kd005,ptb,ptb_hybrid_lite_warmstart_224x56_l6_seed123_kd005,123,1,256,0.05,3.6181792549035334,68.20594199108201,0.26747428231796866,3.4372702921583564,3.410297099554101,0.4980304543890359,13.421052631578949
outputs/distill_experiments/20260402_142019_ptb_hybrid_lite_warmstart_224x56_l6_seed123_kd005,ptb,ptb_hybrid_lite_warmstart_224x56_l6_seed123_kd005,123,2,256,0.05,3.7077364102492707,42.85830119580507,0.16807176939531399,3.522349589736807,2.1429150597902535,0.3782550670371852,13.421052631578949
outputs/distill_experiments/20260402_142019_ptb_hybrid_lite_warmstart_224x56_l6_seed123_kd005,ptb,ptb_hybrid_lite_warmstart_224x56_l6_seed123_kd005,123,3,256,0.05,3.7190731991838564,35.729749756478114,0.14011666571167888,3.5331195392246633,1.7864874878239059,0.3358307256043849,13.421052631578949
outputs/distill_experiments/20260402_142019_ptb_hybrid_lite_warmstart_224x56_l6_seed123_kd005,ptb,ptb_hybrid_lite_warmstart_224x56_l6_seed123_kd005,123,4,256,0.05,3.719925280813968,31.968458632408808,0.12536650444081884,3.5339290167732695,1.5984229316204406,0.31144063144786954,13.421052631578949
outputs/distill_experiments/20260402_142019_ptb_hybrid_lite_warmstart_224x56_l6_seed123_kd005,ptb,ptb_hybrid_lite_warmstart_224x56_l6_seed123_kd005,123,5,256,0.05,3.718016886233102,29.611309410296304,0.11612278200116198,3.5321160419214466,1.4805654705148152,0.2953639617521264,13.421052631578949
outputs/distill_experiments/20260402_142019_ptb_hybrid_lite_warmstart_224x56_l6_seed123_kd005,ptb,ptb_hybrid_lite_warmstart_224x56_l6_seed123_kd005,123,6,256,0.05,3.714660612573815,28.13490059301106,0.11033294350200416,3.528927581945124,1.406745029650553,0.28501587126050476,13.421052631578949
outputs/distill_experiments/20260402_142019_ptb_hybrid_lite_warmstart_224x56_l6_seed123_kd005,ptb,ptb_hybrid_lite_warmstart_224x56_l6_seed123_kd005,123,7,256,0.05,3.7114158890542215,27.188094008261622,0.10661997650298675,3.52584509460151,1.3594047004130811,0.2782671833486093,13.421052631578949
outputs/distill_experiments/20260402_142019_ptb_hybrid_lite_warmstart_224x56_l6_seed123_kd005,ptb,ptb_hybrid_lite_warmstart_224x56_l6_seed123_kd005,123,8,256,0.05,3.709052940724427,26.63184036964714,0.10443858968489074,3.5236002936882054,1.331592018482357,0.2742614365953005,13.421052631578949
outputs/distill_experiments/20260402_142019_ptb_hybrid_lite_warmstart_224x56_l6_seed123_kd005,ptb,ptb_hybrid_lite_warmstart_224x56_l6_seed123_kd005,123,9,256,0.05,3.7070235311783604,26.381812553036237,0.10345808844327936,3.5216723546194424,1.319090627651812,0.2724964292783662,13.421052631578949
outputs/distill_experiments/20260402_142019_ptb_hybrid_lite_warmstart_224x56_l6_seed123_kd005,ptb,ptb_hybrid_lite_warmstart_224x56_l6_seed123_kd005,123,10,256,0.05,3.706060632442295,26.282282551067,0.10306777471006666,3.52075760082018,1.31411412755335,0.2717991709772667,13.421052631578949
outputs/distill_experiments/20260402_142405_ptb_hybrid_lite_warmstart_192x48_l4_seed123_kd005,ptb,ptb_hybrid_lite_warmstart_192x48_l4_seed123_kd005,123,1,256,0.05,3.744760582000722,69.3135105862653,0.2718176885735894,3.5575225529006858,3.465675529313265,0.4934611680809615,13.421052631578949
outputs/distill_experiments/20260402_142405_ptb_hybrid_lite_warmstart_192x48_l4_seed123_kd005,ptb,ptb_hybrid_lite_warmstart_192x48_l4_seed123_kd005,123,2,256,0.05,3.808053925972475,47.40047370788616,0.1858842106191614,3.617651229673851,2.3700236853943077,0.39581702731223334,13.421052631578949
outputs/distill_experiments/20260402_142405_ptb_hybrid_lite_warmstart_192x48_l4_seed123_kd005,ptb,ptb_hybrid_lite_warmstart_192x48_l4_seed123_kd005,123,3,256,0.05,3.8153477295155622,40.341376088712366,0.15820147485769556,3.624580343039784,2.017068804435618,0.357531769826247,13.421052631578949
outputs/distill_experiments/20260402_142405_ptb_hybrid_lite_warmstart_192x48_l4_seed123_kd005,ptb,ptb_hybrid_lite_warmstart_192x48_l4_seed123_kd005,123,4,256,0.05,3.814405212211136,36.278438759752426,0.14226838729314678,3.623684951600579,1.8139219379876215,0.33358828153996856,13.421052631578949
outputs/distill_experiments/20260402_142405_ptb_hybrid_lite_warmstart_192x48_l4_seed123_kd005,ptb,ptb_hybrid_lite_warmstart_192x48_l4_seed123_kd005,123,5,256,0.05,3.810847735668147,33.70209751958432,0.13216508831209536,3.6203053488847394,1.6851048759792162,0.3176200905411469,13.421052631578949
outputs/distill_experiments/20260402_142405_ptb_hybrid_lite_warmstart_192x48_l4_seed123_kd005,ptb,ptb_hybrid_lite_warmstart_192x48_l4_seed123_kd005,123,6,256,0.05,3.8066568667353153,32.05563045638347,0.12570835473091557,3.6163240233985494,1.6027815228191735,0.3070988905332077,13.421052631578949
outputs/distill_experiments/20260402_142405_ptb_hybrid_lite_warmstart_192x48_l4_seed123_kd005,ptb,ptb_hybrid_lite_warmstart_192x48_l4_seed123_kd005,123,7,256,0.05,3.802974024558019,31.034012449676588,0.12170200960657486,3.6128253233301177,1.5517006224838295,0.30045364061759516,13.421052631578949
outputs/distill_experiments/20260402_142405_ptb_hybrid_lite_warmstart_192x48_l4_seed123_kd005,ptb,ptb_hybrid_lite_warmstart_192x48_l4_seed123_kd005,123,8,256,0.05,3.7998187833606836,30.424410303317366,0.11931141295418575,3.6098278441926492,1.5212205151658684,0.29647362656236026,13.421052631578949
outputs/distill_experiments/20260402_142405_ptb_hybrid_lite_warmstart_192x48_l4_seed123_kd005,ptb,ptb_hybrid_lite_warmstart_192x48_l4_seed123_kd005,123,9,256,0.05,3.798245221060873,30.134531895086877,0.11817463488269363,3.608332960007829,1.506726594754344,0.29456677456503244,13.421052631578949
outputs/distill_experiments/20260402_142405_ptb_hybrid_lite_warmstart_192x48_l4_seed123_kd005,ptb,ptb_hybrid_lite_warmstart_192x48_l4_seed123_kd005,123,10,256,0.05,3.7975414449176585,30.039869600653944,0.11780341019864292,3.6076643726717754,1.5019934800326973,0.29395186983756894,13.421052631578949
outputs/distill_experiments/20260402_142442_ptb_hybrid_lite_warmstart_224x56_l6_seed456_kd005,ptb,ptb_hybrid_lite_warmstart_224x56_l6_seed456_kd005,456,1,256,0.05,3.6240228861133965,66.78760390723173,0.26191217218522245,3.4428217418077267,3.3393801953615867,0.492374044049084,13.421052631578949
outputs/distill_experiments/20260402_142442_ptb_hybrid_lite_warmstart_224x56_l6_seed456_kd005,ptb,ptb_hybrid_lite_warmstart_224x56_l6_seed456_kd005,456,2,256,0.05,3.711505926898751,42.08684542716745,0.16504645265555862,3.5259306305538134,2.1043422713583726,0.37375493302352786,13.421052631578949
outputs/distill_experiments/20260402_142442_ptb_hybrid_lite_warmstart_224x56_l6_seed456_kd005,ptb,ptb_hybrid_lite_warmstart_224x56_l6_seed456_kd005,456,3,256,0.05,3.7223442860298475,35.307171081900464,0.13845949443882535,3.536227071728355,1.7653585540950232,0.3329868983905827,13.421052631578949
outputs/distill_experiments/20260402_142442_ptb_hybrid_lite_warmstart_224x56_l6_seed456_kd005,ptb,ptb_hybrid_lite_warmstart_224x56_l6_seed456_kd005,456,4,256,0.05,3.722939555562813,31.667564084868786,0.12418652582301484,3.5367925777846723,1.5833782042434394,0.30924324044055806,13.421052631578949
outputs/distill_experiments/20260402_142442_ptb_hybrid_lite_warmstart_224x56_l6_seed456_kd005,ptb,ptb_hybrid_lite_warmstart_224x56_l6_seed456_kd005,456,5,256,0.05,3.721565343958216,29.452377758039013,0.11549952061976083,3.535487076760305,1.4726188879019508,0.29404707054781004,13.421052631578949
outputs/distill_experiments/20260402_142442_ptb_hybrid_lite_warmstart_224x56_l6_seed456_kd005,ptb,ptb_hybrid_lite_warmstart_224x56_l6_seed456_kd005,456,6,256,0.05,3.7178425112670808,28.009245751113014,0.10984017941612946,3.5319503857037264,1.4004622875556507,0.2839304779075215,13.421052631578949
outputs/distill_experiments/20260402_142442_ptb_hybrid_lite_warmstart_224x56_l6_seed456_kd005,ptb,ptb_hybrid_lite_warmstart_224x56_l6_seed456_kd005,456,7,256,0.05,3.715094368746217,27.10040476945747,0.10627609713512733,3.5293396503089056,1.3550202384728736,0.27742022891987034,13.421052631578949
outputs/distill_experiments/20260402_142442_ptb_hybrid_lite_warmstart_224x56_l6_seed456_kd005,ptb,ptb_hybrid_lite_warmstart_224x56_l6_seed456_kd005,456,8,256,0.05,3.7128628242872512,26.569050509802363,0.10419235494040142,3.5272196830728886,1.3284525254901183,0.2735877687845947,13.421052631578949
outputs/distill_experiments/20260402_142442_ptb_hybrid_lite_warmstart_224x56_l6_seed456_kd005,ptb,ptb_hybrid_lite_warmstart_224x56_l6_seed456_kd005,456,9,256,0.05,3.7103361086040825,26.3094756334154,0.10317441424868784,3.5248193031738784,1.31547378167077,0.2717756463528263,13.421052631578949
outputs/distill_experiments/20260402_142442_ptb_hybrid_lite_warmstart_224x56_l6_seed456_kd005,ptb,ptb_hybrid_lite_warmstart_224x56_l6_seed456_kd005,456,10,256,0.05,3.709392215572356,26.224972677434934,0.10284303010758798,3.5239226047937384,1.3112486338717468,0.2711896992160413,13.421052631578949
outputs/distill_experiments/20260402_144420_ptb_hybrid_lite_warmstart_192x48_l4_seed456_kd005,ptb,ptb_hybrid_lite_warmstart_192x48_l4_seed456_kd005,456,1,256,0.05,3.7308447142392835,70.23776658297284,0.27544222189401113,3.544302478527319,3.511888329148642,0.4977031410953757,13.421052631578949
outputs/distill_experiments/20260402_144420_ptb_hybrid_lite_warmstart_192x48_l4_seed456_kd005,ptb,ptb_hybrid_lite_warmstart_192x48_l4_seed456_kd005,456,2,256,0.05,3.798134341167958,47.574851014372946,0.1865680431936194,3.60822762410956,2.3787425507186475,0.3973199266500278,13.421052631578949
outputs/distill_experiments/20260402_144420_ptb_hybrid_lite_warmstart_192x48_l4_seed456_kd005,ptb,ptb_hybrid_lite_warmstart_192x48_l4_seed456_kd005,456,3,256,0.05,3.8075671813648597,40.361383373228705,0.1582799347969753,3.6171888222966166,2.018069168661435,0.35811477875538095,13.421052631578949
outputs/distill_experiments/20260402_144420_ptb_hybrid_lite_warmstart_192x48_l4_seed456_kd005,ptb,ptb_hybrid_lite_warmstart_192x48_l4_seed456_kd005,456,4,256,0.05,3.807377322940951,36.26180894580557,0.14220317233649243,3.6170084567939034,1.8130904472902785,0.33389639476485133,13.421052631578949
outputs/distill_experiments/20260402_144420_ptb_hybrid_lite_warmstart_192x48_l4_seed456_kd005,ptb,ptb_hybrid_lite_warmstart_192x48_l4_seed456_kd005,456,5,256,0.05,3.8045171815872623,33.708259467795024,0.13218925281488245,3.614291322507899,1.6854129733897514,0.3180201911820592,13.421052631578949
outputs/distill_experiments/20260402_144420_ptb_hybrid_lite_warmstart_192x48_l4_seed456_kd005,ptb,ptb_hybrid_lite_warmstart_192x48_l4_seed456_kd005,456,6,256,0.05,3.8000653955038937,32.07237476968475,0.12577401870464608,3.6100621257286987,1.6036187384842375,0.30757899845607867,13.421052631578949
outputs/distill_experiments/20260402_144420_ptb_hybrid_lite_warmstart_192x48_l4_seed456_kd005,ptb,ptb_hybrid_lite_warmstart_192x48_l4_seed456_kd005,456,7,256,0.05,3.7969726590751445,31.025393023472645,0.12166820793518685,3.607124026121387,1.5512696511736324,0.3007272705845696,13.421052631578949
outputs/distill_experiments/20260402_144420_ptb_hybrid_lite_warmstart_192x48_l4_seed456_kd005,ptb,ptb_hybrid_lite_warmstart_192x48_l4_seed456_kd005,456,8,256,0.05,3.793794728313703,30.44160104619675,0.11937882763214412,3.6041049918980175,1.5220800523098377,0.2969225728653039,13.421052631578949
outputs/distill_experiments/20260402_144420_ptb_hybrid_lite_warmstart_192x48_l4_seed456_kd005,ptb,ptb_hybrid_lite_warmstart_192x48_l4_seed456_kd005,456,9,256,0.05,3.791877145621121,30.148389129655857,0.11822897697904258,3.6022832883400646,1.507419456482793,0.2950111839695778,13.421052631578949
outputs/distill_experiments/20260402_144420_ptb_hybrid_lite_warmstart_192x48_l4_seed456_kd005,ptb,ptb_hybrid_lite_warmstart_192x48_l4_seed456_kd005,456,10,256,0.05,3.791069643001724,30.06289666879013,0.11789371242662797,3.601516160851638,1.5031448334395066,0.2944651633322106,13.421052631578949
outputs/distill_experiments/20260413_055323_smoke_ptb_hybrid_lite_warmstart_224x56_l4_kd005,ptb,smoke_ptb_hybrid_lite_warmstart_224x56_l4_kd005,42,1,256,0.05,3.6230228407968945,75.25570708770465,0.29512041995178295,3.4418716987570495,3.7627853543852328,0.5222712651873012,13.421052631578949
outputs/distill_experiments/20260413_055428_ptb_hybrid_lite_warmstart_224x56_l4_kd005,ptb,ptb_hybrid_lite_warmstart_224x56_l4_kd005,42,1,256,0.05,3.633749078861038,70.04427249819933,0.274683421561566,3.452061624917986,3.5022136249099667,0.5036058394433857,13.421052631578949
outputs/distill_experiments/20260413_055428_ptb_hybrid_lite_warmstart_224x56_l4_kd005,ptb,ptb_hybrid_lite_warmstart_224x56_l4_kd005,42,2,256,0.05,3.7230983010335237,44.397254889708,0.17410688192042353,3.5369433859818473,2.2198627444854,0.3856066530948518,13.421052631578949
outputs/distill_experiments/20260413_055428_ptb_hybrid_lite_warmstart_224x56_l4_kd005,ptb,ptb_hybrid_lite_warmstart_224x56_l4_kd005,42,3,256,0.05,3.7359803937850544,37.17214207005785,0.1457731061570896,3.5491813740958014,1.8586071035028926,0.34369079175378536,13.421052631578949
outputs/distill_experiments/20260413_055428_ptb_hybrid_lite_warmstart_224x56_l4_kd005,ptb,ptb_hybrid_lite_warmstart_224x56_l4_kd005,42,4,256,0.05,3.7366580520027473,33.334316630061615,0.13072281031396712,3.5498251494026096,1.6667158315030808,0.319505940354696,13.421052631578949
outputs/distill_experiments/20260413_055428_ptb_hybrid_lite_warmstart_224x56_l4_kd005,ptb,ptb_hybrid_lite_warmstart_224x56_l4_kd005,42,5,256,0.05,3.734774940479551,30.951506214008646,0.12137845574121038,3.548036193455573,1.5475753107004324,0.30370747641146156,13.421052631578949
outputs/distill_experiments/20260413_055428_ptb_hybrid_lite_warmstart_224x56_l4_kd005,ptb,ptb_hybrid_lite_warmstart_224x56_l4_kd005,42,6,256,0.05,3.731772944206965,29.44503445463101,0.11547072335149415,3.5451842969966165,1.4722517227315506,0.29342710439012504,13.421052631578949
outputs/distill_experiments/20260413_055428_ptb_hybrid_lite_warmstart_224x56_l4_kd005,ptb,ptb_hybrid_lite_warmstart_224x56_l4_kd005,42,7,256,0.05,3.7291337174052295,28.489141216308155,0.11172212241689473,3.542677031534968,1.424457060815408,0.2867764457998305,13.421052631578949
outputs/distill_experiments/20260413_055428_ptb_hybrid_lite_warmstart_224x56_l4_kd005,ptb,ptb_hybrid_lite_warmstart_224x56_l4_kd005,42,8,256,0.05,3.727183244174116,27.948438678783564,0.10960172030895515,3.54082408196541,1.3974219339391782,0.282979407959528,13.421052631578949
outputs/distill_experiments/20260413_055428_ptb_hybrid_lite_warmstart_224x56_l4_kd005,ptb,ptb_hybrid_lite_warmstart_224x56_l4_kd005,42,9,256,0.05,3.724857327797897,27.674057076444065,0.10852571402527084,3.538614461408002,1.3837028538222034,0.2811080158406023,13.421052631578949
outputs/distill_experiments/20260413_055428_ptb_hybrid_lite_warmstart_224x56_l4_kd005,ptb,ptb_hybrid_lite_warmstart_224x56_l4_kd005,42,10,256,0.05,3.7238326174204723,27.578172152631588,0.10814969471620231,3.5376409865494485,1.3789086076315795,0.28046266618841476,13.421052631578949
outputs/distill_experiments/20260413_061235_ptb_hybrid_lite_warmstart_192x48_l6_kd005,ptb,ptb_hybrid_lite_warmstart_192x48_l6_kd005,42,1,256,0.05,3.72817654538783,66.99165682825964,0.26271237971866523,3.541767718118438,3.349582841412982,0.48605608036877146,13.421052631578949
outputs/distill_experiments/20260413_061235_ptb_hybrid_lite_warmstart_192x48_l6_kd005,ptb,ptb_hybrid_lite_warmstart_192x48_l6_kd005,42,2,256,0.05,3.7945913446731034,44.648066596099724,0.17509045723960676,3.604861777439448,2.232403329804986,0.38243994212879334,13.421052631578949
outputs/distill_experiments/20260413_061235_ptb_hybrid_lite_warmstart_192x48_l6_kd005,ptb,ptb_hybrid_lite_warmstart_192x48_l6_kd005,42,3,256,0.05,3.801446672977964,37.891836569851165,0.1485954375288281,3.6113743393290654,1.8945918284925582,0.3440979785827731,13.421052631578949
outputs/distill_experiments/20260413_061235_ptb_hybrid_lite_warmstart_192x48_l6_kd005,ptb,ptb_hybrid_lite_warmstart_192x48_l6_kd005,42,4,256,0.05,3.7995520174624176,34.13318277570841,0.1338556187282683,3.6095744165892967,1.7066591387854206,0.321027870767639,13.421052631578949
outputs/distill_experiments/20260413_061235_ptb_hybrid_lite_warmstart_192x48_l6_kd005,ptb,ptb_hybrid_lite_warmstart_192x48_l6_kd005,42,5,256,0.05,3.79563370076459,31.786160965550184,0.12465161162960857,3.6058520157263603,1.5893080482775093,0.30592090112670023,13.421052631578949
outputs/distill_experiments/20260413_061235_ptb_hybrid_lite_warmstart_192x48_l6_kd005,ptb,ptb_hybrid_lite_warmstart_192x48_l6_kd005,42,6,256,0.05,3.791083428472462,30.25985729546664,0.11866610704104566,3.601529257048839,1.5129928647733322,0.2958229192748691,13.421052631578949
outputs/distill_experiments/20260413_061235_ptb_hybrid_lite_warmstart_192x48_l6_kd005,ptb,ptb_hybrid_lite_warmstart_192x48_l6_kd005,42,7,256,0.05,3.7871540467678413,29.300719580636365,0.11490478266916221,3.597796344429449,1.4650359790318184,0.28937082751937326,13.421052631578949
outputs/distill_experiments/20260413_061235_ptb_hybrid_lite_warmstart_192x48_l6_kd005,ptb,ptb_hybrid_lite_warmstart_192x48_l6_kd005,42,8,256,0.05,3.783628784339958,28.757040815703583,0.11277270908119053,3.59444734512296,1.4378520407851791,0.2857246619331853,13.421052631578949
outputs/distill_experiments/20260413_061235_ptb_hybrid_lite_warmstart_192x48_l6_kd005,ptb,ptb_hybrid_lite_warmstart_192x48_l6_kd005,42,9,256,0.05,3.782303820270814,28.482933943753416,0.11169778017158202,3.5931886292572734,1.4241466971876708,0.2838452294949073,13.421052631578949
outputs/distill_experiments/20260413_061235_ptb_hybrid_lite_warmstart_192x48_l6_kd005,ptb,ptb_hybrid_lite_warmstart_192x48_l6_kd005,42,10,256,0.05,3.781538273466952,28.39650032256578,0.11135882479437562,3.5924613597936044,1.4198250161282893,0.28326893350485094,13.421052631578949
outputs/distill_experiments/20260413_080322_smoke_ptb_l6_twostage_stage1_kd005,ptb,smoke_ptb_l6_twostage_stage1_kd005,42,1,256,0.05,3.6110347498201296,71.70704094777635,0.2812040821481425,3.430483012329123,3.5853520473888176,0.5110371063274343,13.421052631578949
outputs/distill_experiments/20260413_080422_smoke_ptb_l6_twostage_stage2_a002,ptb,smoke_ptb_l6_twostage_stage2_a002,42,1,256,0.02,3.610930695095384,60.409464136520874,0.2368998593589054,3.5387120811934762,1.2081892827304175,0.25452167426788525,5.204081632653062
outputs/distill_experiments/20260413_080613_ptb_hybrid_lite_warmstart_l6_stage1_kd005_e6,ptb,ptb_hybrid_lite_warmstart_l6_stage1_kd005_e6,42,1,256,0.05,3.6368178965729028,63.22698321410143,0.24794895378078993,3.4549770017442576,3.161349160705072,0.47781035624379753,13.421052631578949
outputs/distill_experiments/20260413_080613_ptb_hybrid_lite_warmstart_l6_stage1_kd005_e6,ptb,ptb_hybrid_lite_warmstart_l6_stage1_kd005_e6,42,2,256,0.05,3.711633357574178,41.05574365552682,0.1610029162961836,3.5260516896954686,2.052787182776341,0.3679595754065604,13.421052631578949
outputs/distill_experiments/20260413_080613_ptb_hybrid_lite_warmstart_l6_stage1_kd005_e6,ptb,ptb_hybrid_lite_warmstart_l6_stage1_kd005_e6,42,3,256,0.05,3.718805002290726,35.30011562872481,0.13843182599499926,3.5328647521761893,1.7650057814362405,0.3331538153373381,13.421052631578949
outputs/distill_experiments/20260413_080613_ptb_hybrid_lite_warmstart_l6_stage1_kd005_e6,ptb,ptb_hybrid_lite_warmstart_l6_stage1_kd005_e6,42,4,256,0.05,3.7180088869379726,32.62643541197273,0.12794680553714796,3.5321084425910736,1.6313217705986365,0.3159376041205149,13.421052631578949
outputs/distill_experiments/20260413_080613_ptb_hybrid_lite_warmstart_l6_stage1_kd005_e6,ptb,ptb_hybrid_lite_warmstart_l6_stage1_kd005_e6,42,5,256,0.05,3.715425791894028,31.417339496393414,0.123205252927033,3.5296545022993264,1.5708669748196709,0.30798164106682024,13.421052631578949
outputs/distill_experiments/20260413_080613_ptb_hybrid_lite_warmstart_l6_stage1_kd005_e6,ptb,ptb_hybrid_lite_warmstart_l6_stage1_kd005_e6,42,6,256,0.05,3.713889527519589,31.046028605128335,0.121749131784817,3.528195051143609,1.5523014302564169,0.3055412863564569,13.421052631578949
outputs/distill_experiments/20260413_081522_ptb_hybrid_lite_warmstart_l6_stage2_a000_e4,ptb,ptb_hybrid_lite_warmstart_l6_stage2_a000_e4,42,1,256,0.0,3.6304507045548196,39.48205959477331,0.154831606254013,3.6304507045548196,0.0,0.0,0.0
outputs/distill_experiments/20260413_081522_ptb_hybrid_lite_warmstart_l6_stage2_a000_e4,ptb,ptb_hybrid_lite_warmstart_l6_stage2_a000_e4,42,2,256,0.0,3.549123339729283,49.82210050420896,0.19538078629101555,3.549123339729283,0.0,0.0,0.0
outputs/distill_experiments/20260413_081522_ptb_hybrid_lite_warmstart_l6_stage2_a000_e4,ptb,ptb_hybrid_lite_warmstart_l6_stage2_a000_e4,42,3,256,0.0,3.5196214493504243,54.28181648898914,0.21286986858427115,3.5196214493504243,0.0,0.0,0.0
outputs/distill_experiments/20260413_081522_ptb_hybrid_lite_warmstart_l6_stage2_a000_e4,ptb,ptb_hybrid_lite_warmstart_l6_stage2_a000_e4,42,4,256,0.0,3.510455868807589,55.85655864742216,0.2190453280291065,3.510455868807589,0.0,0.0,0.0
outputs/distill_experiments/20260413_081522_ptb_hybrid_lite_warmstart_l6_stage2_a002_e4,ptb,ptb_hybrid_lite_warmstart_l6_stage2_a002_e4,42,1,256,0.02,3.6802154708805586,31.46541130029825,0.12339376980509117,3.6066111614629475,0.629308226005965,0.14856473139400211,5.204081632653062
outputs/distill_experiments/20260413_081522_ptb_hybrid_lite_warmstart_l6_stage2_a002_e4,ptb,ptb_hybrid_lite_warmstart_l6_stage2_a002_e4,42,2,256,0.02,3.65080763762479,31.214550652517932,0.12241000255889385,3.5777914848722943,0.6242910130503586,0.14856705296932746,5.204081632653062
outputs/distill_experiments/20260413_081522_ptb_hybrid_lite_warmstart_l6_stage2_a002_e4,ptb,ptb_hybrid_lite_warmstart_l6_stage2_a002_e4,42,3,256,0.02,3.6394479706040856,30.891824171010857,0.12114440851376806,3.566659011192004,0.6178364834202171,0.14764897804662885,5.204081632653062
outputs/distill_experiments/20260413_081522_ptb_hybrid_lite_warmstart_l6_stage2_a002_e4,ptb,ptb_hybrid_lite_warmstart_l6_stage2_a002_e4,42,4,256,0.02,3.6360485042422495,30.847399844165103,0.12097019546731413,3.563327534157404,0.616947996883302,0.14758548624418277,5.204081632653062
outputs/distill_experiments/20260413_083136_ptb_hybrid_lite_warmstart_l6_stage2_a001_e4,ptb,ptb_hybrid_lite_warmstart_l6_stage2_a001_e4,42,1,256,0.01,3.6580417783551993,32.99925984646668,0.1294088621430066,3.6214613605716472,0.3299925984646668,0.08351169009828115,2.575757575757576
outputs/distill_experiments/20260413_083136_ptb_hybrid_lite_warmstart_l6_stage2_a001_e4,ptb,ptb_hybrid_lite_warmstart_l6_stage2_a001_e4,42,2,256,0.01,3.6082236331227286,34.29807363305174,0.13450224954137938,3.5721413967915012,0.34298073633051746,0.08760409628831065,2.575757575757576
outputs/distill_experiments/20260413_083136_ptb_hybrid_lite_warmstart_l6_stage2_a001_e4,ptb,ptb_hybrid_lite_warmstart_l6_stage2_a001_e4,42,3,256,0.01,3.5898626567705656,34.564045950109076,0.13554527823572188,3.55396403020286,0.3456404595010908,0.08863474755290658,2.575757575757576
outputs/distill_experiments/20260413_083136_ptb_hybrid_lite_warmstart_l6_stage2_a001_e4,ptb,ptb_hybrid_lite_warmstart_l6_stage2_a001_e4,42,4,256,0.01,3.5841585680503356,34.71571297676721,0.13614005088928316,3.5483169823698324,0.3471571297676721,0.08911806875727941,2.575757575757576
outputs/distill_experiments/20260413_084505_ptb_hybrid_lite_warmstart_l6_stage1_kd005_e6_seed123,ptb,ptb_hybrid_lite_warmstart_l6_stage1_kd005_e6_seed123,123,1,256,0.05,3.635979955973564,63.49119678814418,0.24898508544370265,3.4541809581748857,3.174559839407209,0.47890842866644656,13.421052631578949
outputs/distill_experiments/20260413_084505_ptb_hybrid_lite_warmstart_l6_stage1_kd005_e6_seed123,ptb,ptb_hybrid_lite_warmstart_l6_stage1_kd005_e6_seed123,123,2,256,0.05,3.710668460719621,41.21272975116411,0.16161854804378084,3.52513503768364,2.0606364875582055,0.36890812276268076,13.421052631578949
outputs/distill_experiments/20260413_084505_ptb_hybrid_lite_warmstart_l6_stage1_kd005_e6_seed123,ptb,ptb_hybrid_lite_warmstart_l6_stage1_kd005_e6_seed123,123,3,256,0.05,3.719186022679638,35.31191522813536,0.13847809893386417,3.5332267215456556,1.765595761406768,0.33320530496862477,13.421052631578949
outputs/distill_experiments/20260413_084505_ptb_hybrid_lite_warmstart_l6_stage1_kd005_e6_seed123,ptb,ptb_hybrid_lite_warmstart_l6_stage1_kd005_e6_seed123,123,4,256,0.05,3.717894989672371,32.599561019694654,0.12784141576350844,3.5320002401887525,1.6299780509847328,0.3157661576709549,13.421052631578949
outputs/distill_experiments/20260413_084505_ptb_hybrid_lite_warmstart_l6_stage1_kd005_e6_seed123,ptb,ptb_hybrid_lite_warmstart_l6_stage1_kd005_e6_seed123,123,5,256,0.05,3.7153449266390317,31.378391133527764,0.12305251424912848,3.5295776803070797,1.5689195566763883,0.30772195879518444,13.421052631578949
outputs/distill_experiments/20260413_084505_ptb_hybrid_lite_warmstart_l6_stage1_kd005_e6_seed123,ptb,ptb_hybrid_lite_warmstart_l6_stage1_kd005_e6_seed123,123,6,256,0.05,3.7136078195599826,31.006761568520194,0.12159514340596154,3.5279274285819833,1.5503380784260097,0.3052888976140667,13.421052631578949
outputs/distill_experiments/20260413_084505_ptb_hybrid_lite_warmstart_l6_stage1_kd005_e6_seed456,ptb,ptb_hybrid_lite_warmstart_l6_stage1_kd005_e6_seed456,456,1,256,0.05,3.635813276035664,63.40860651355253,0.2486612020139315,3.4540226122338806,3.1704303256776267,0.4785950410385388,13.421052631578949
outputs/distill_experiments/20260413_084505_ptb_hybrid_lite_warmstart_l6_stage1_kd005_e6_seed456,ptb,ptb_hybrid_lite_warmstart_l6_stage1_kd005_e6_seed456,456,2,256,0.05,3.7113648265512924,41.18271322609149,0.16150083618075092,3.5257965852237274,2.0591356613045746,0.3686948328844225,13.421052631578949
outputs/distill_experiments/20260413_084505_ptb_hybrid_lite_warmstart_l6_stage1_kd005_e6_seed456,ptb,ptb_hybrid_lite_warmstart_l6_stage1_kd005_e6_seed456,456,3,256,0.05,3.718975532965285,35.334192492129915,0.13856546075345064,3.5330267563170206,1.766709624606496,0.333358019649014,13.421052631578949
outputs/distill_experiments/20260413_084505_ptb_hybrid_lite_warmstart_l6_stage1_kd005_e6_seed456,ptb,ptb_hybrid_lite_warmstart_l6_stage1_kd005_e6_seed456,456,4,256,0.05,3.7179568386958723,32.62651745632281,0.1279471272796973,3.5320589967610787,1.6313258728161406,0.31594117309130865,13.421052631578949
outputs/distill_experiments/20260413_084505_ptb_hybrid_lite_warmstart_l6_stage1_kd005_e6_seed456,ptb,ptb_hybrid_lite_warmstart_l6_stage1_kd005_e6_seed456,456,5,256,0.05,3.715508179826816,31.402441751798495,0.12314683039920979,3.529732770835475,1.5701220875899249,0.3078758378772188,13.421052631578949
outputs/distill_experiments/20260413_084505_ptb_hybrid_lite_warmstart_l6_stage1_kd005_e6_seed456,ptb,ptb_hybrid_lite_warmstart_l6_stage1_kd005_e6_seed456,456,6,256,0.05,3.7139587457127923,31.04553756017786,0.12174720611834454,3.5282608084271523,1.5522768780088931,0.3055339756957501,13.421052631578949
outputs/distill_experiments/20260413_085211_ptb_hybrid_lite_warmstart_l6_stage2_a002_e4_seed456,ptb,ptb_hybrid_lite_warmstart_l6_stage2_a002_e4_seed456,456,1,256,0.02,3.6801192294802045,31.451180639608562,0.12333796329258259,3.6065168448906,0.6290236127921712,0.14851082620429149,5.204081632653062
outputs/distill_experiments/20260413_085211_ptb_hybrid_lite_warmstart_l6_stage2_a002_e4_seed456,ptb,ptb_hybrid_lite_warmstart_l6_stage2_a002_e4_seed456,456,2,256,0.02,3.6507254601813943,31.192229810398047,0.12232246984469822,3.5777109509777665,0.623844596207961,0.14847943558090587,5.204081632653062
outputs/distill_experiments/20260413_085211_ptb_hybrid_lite_warmstart_l6_stage2_a002_e4_seed456,ptb,ptb_hybrid_lite_warmstart_l6_stage2_a002_e4_seed456,456,3,256,0.02,3.639849488008503,30.893448198666093,0.12115077724967095,3.5670524982483327,0.6178689639733219,0.1476417107348325,5.204081632653062
outputs/distill_experiments/20260413_085211_ptb_hybrid_lite_warmstart_l6_stage2_a002_e4_seed456,ptb,ptb_hybrid_lite_warmstart_l6_stage2_a002_e4_seed456,456,4,256,0.02,3.6364757492617996,30.82745331035699,0.12089197376610585,3.5637462342765636,0.6165490662071398,0.14748935706427216,5.204081632653062
outputs/distill_experiments/20260413_085235_ptb_hybrid_lite_warmstart_l6_stage2_a002_e4_seed123,ptb,ptb_hybrid_lite_warmstart_l6_stage2_a002_e4_seed123,123,1,256,0.02,3.6806736113816183,31.429940101879623,0.1232546670661946,3.607060139153986,0.6285988020375924,0.14840637803117232,5.204081632653062
outputs/distill_experiments/20260413_085235_ptb_hybrid_lite_warmstart_l6_stage2_a002_e4_seed123,ptb,ptb_hybrid_lite_warmstart_l6_stage2_a002_e4_seed123,123,2,256,0.02,3.6505523790349614,31.17553562655001,0.12225700245705885,3.5775413314542623,0.6235107125310002,0.1484177548868251,5.204081632653062
outputs/distill_experiments/20260413_085235_ptb_hybrid_lite_warmstart_l6_stage2_a002_e4_seed123,ptb,ptb_hybrid_lite_warmstart_l6_stage2_a002_e4_seed123,123,3,256,0.02,3.6397021838903805,30.858678345530922,0.12101442488443499,3.566908140212573,0.6171735669106184,0.14750514213427313,5.204081632653062
outputs/distill_experiments/20260413_085235_ptb_hybrid_lite_warmstart_l6_stage2_a002_e4_seed123,ptb,ptb_hybrid_lite_warmstart_l6_stage2_a002_e4_seed123,123,4,256,0.02,3.636291092917521,30.811655706692235,0.12083002237918523,3.5635652710591708,0.6162331141338447,0.14743130106869695,5.204081632653062
outputs/distill_experiments/20260413_085953_ptb_transformer_l6_stage1_kd005_e1_seed790_smoke_g2,ptb,ptb_transformer_l6_stage1_kd005_e1_seed790_smoke_g2,790,1,256,0.05,9.33449587700576,1200.0102423152077,4.705922518883168,8.867771083155471,60.00051211576039,0.8712357754360999,13.421052631578949
outputs/distill_experiments/20260413_090033_ptb_transformer_l6_stage2_a002_e1_seed790_smoke_g2,ptb,ptb_transformer_l6_stage2_a002_e1_seed790_smoke_g2,790,1,256,0.02,8.361311774394565,821.1247051915329,3.2200968831040506,8.194085538906673,16.422494103830658,0.6671314350804138,5.204081632653062
outputs/distill_experiments/20260413_090220_ptb_transformer_l6_stage1_kd000_e6_seed790,ptb,ptb_transformer_l6_stage1_kd000_e6_seed790,790,1,256,0.0,8.928924752076647,1325.2692092582702,5.197134153954001,8.928924752076647,0.0,0.0,0.0
outputs/distill_experiments/20260413_090220_ptb_transformer_l6_stage1_kd000_e6_seed790,ptb,ptb_transformer_l6_stage1_kd000_e6_seed790,790,2,256,0.0,6.495354785605524,742.2762503558437,2.910887256297426,6.495354785605524,0.0,0.0,0.0
outputs/distill_experiments/20260413_090220_ptb_transformer_l6_stage1_kd000_e6_seed790,ptb,ptb_transformer_l6_stage1_kd000_e6_seed790,790,3,256,0.0,5.952013911629454,584.8101022079684,2.2933729498351703,5.952013911629454,0.0,0.0,0.0
outputs/distill_experiments/20260413_090220_ptb_transformer_l6_stage1_kd000_e6_seed790,ptb,ptb_transformer_l6_stage1_kd000_e6_seed790,790,4,256,0.0,5.746909439308629,524.3767580641205,2.0563794433887077,5.746909439308629,0.0,0.0,0.0
outputs/distill_experiments/20260413_090220_ptb_transformer_l6_stage1_kd000_e6_seed790,ptb,ptb_transformer_l6_stage1_kd000_e6_seed790,790,5,256,0.0,5.651826372445234,497.464111829991,1.9508396542352588,5.651826372445234,0.0,0.0,0.0
outputs/distill_experiments/20260413_090220_ptb_transformer_l6_stage1_kd000_e6_seed790,ptb,ptb_transformer_l6_stage1_kd000_e6_seed790,790,6,256,0.0,5.621923920806933,489.340022043055,1.9189804786002156,5.621923920806933,0.0,0.0,0.0
outputs/distill_experiments/20260413_090221_ptb_transformer_l6_stage1_kd005_e6_seed790,ptb,ptb_transformer_l6_stage1_kd005_e6_seed790,790,1,256,0.05,9.287112672577626,1184.9483686164845,4.646856347515626,8.822757038948744,59.247418430824226,0.8703873322191368,13.421052631578949
outputs/distill_experiments/20260413_090221_ptb_transformer_l6_stage1_kd005_e6_seed790,ptb,ptb_transformer_l6_stage1_kd005_e6_seed790,790,2,256,0.05,7.241749112416453,545.9432475070047,2.140953911792175,6.87966165679563,27.297162375350236,0.7987038921368237,13.421052631578949
outputs/distill_experiments/20260413_090221_ptb_transformer_l6_stage1_kd005_e6_seed790,ptb,ptb_transformer_l6_stage1_kd005_e6_seed790,790,3,256,0.05,6.396661786889139,411.41982379113267,1.6134110736907163,6.0768286975446815,20.570991189556636,0.771957754019265,13.421052631578949
outputs/distill_experiments/20260413_090221_ptb_transformer_l6_stage1_kd005_e6_seed790,ptb,ptb_transformer_l6_stage1_kd005_e6_seed790,790,4,256,0.05,6.123064842597943,348.3898493351499,1.3662347032750977,5.816911600468045,17.419492466757497,0.7496638643552994,13.421052631578949
outputs/distill_experiments/20260413_090221_ptb_transformer_l6_stage1_kd005_e6_seed790,ptb,ptb_transformer_l6_stage1_kd005_e6_seed790,790,5,256,0.05,6.005957392052128,318.9561458346166,1.2508084150377123,5.705659522449522,15.947807291730832,0.7365013384963826,13.421052631578949
outputs/distill_experiments/20260413_090221_ptb_transformer_l6_stage1_kd005_e6_seed790,ptb,ptb_transformer_l6_stage1_kd005_e6_seed790,790,6,256,0.05,5.9703763509339165,309.76819414833585,1.2147772319542582,5.671857533387221,15.488409707416793,0.7319571880240718,13.421052631578949
outputs/distill_experiments/20260413_090510_ptb_transformer_l6_stage2_a002_e4_seed790,ptb,ptb_transformer_l6_stage2_a002_e4_seed790,790,1,256,0.02,5.8613873469074935,287.05090487403464,1.12568982303543,5.744159599969343,5.741018097480693,0.49986323666157345,5.204081632653062
outputs/distill_experiments/20260413_090510_ptb_transformer_l6_stage2_a002_e4_seed790,ptb,ptb_transformer_l6_stage2_a002_e4_seed790,790,2,256,0.02,5.680139787617662,244.83028007106861,0.9601187453767397,5.566536991865309,4.896605601421372,0.4679861291924964,5.204081632653062
outputs/distill_experiments/20260413_090510_ptb_transformer_l6_stage2_a002_e4_seed790,ptb,ptb_transformer_l6_stage2_a002_e4_seed790,790,3,256,0.02,5.565582202237639,220.4573309052552,0.8645385525696282,5.454270558192886,4.409146618105104,0.44702018978781316,5.204081632653062
outputs/distill_experiments/20260413_090510_ptb_transformer_l6_stage2_a002_e4_seed790,ptb,ptb_transformer_l6_stage2_a002_e4_seed790,790,4,256,0.02,5.521654767425083,211.65466869239953,0.8300183085976452,5.411221672076581,4.233093373847991,0.43892110053339484,5.204081632653062
outputs/distill_experiments/20260413_090512_ptb_transformer_l6_stage2_a001_e4_seed790,ptb,ptb_transformer_l6_stage2_a001_e4_seed790,790,1,256,0.01,5.633492096718111,351.9715329295049,1.380280521292176,5.57715717575093,3.519715329295049,0.3869148795196024,2.575757575757576
outputs/distill_experiments/20260413_090512_ptb_transformer_l6_stage2_a001_e4_seed790,ptb,ptb_transformer_l6_stage2_a001_e4_seed790,790,2,256,0.01,5.4648866133529825,258.1076188264706,1.0121867404959632,5.410237747219453,2.5810761882647064,0.322985207326651,2.575757575757576
outputs/distill_experiments/20260413_090512_ptb_transformer_l6_stage2_a001_e4_seed790,ptb,ptb_transformer_l6_stage2_a001_e4_seed790,790,3,256,0.01,5.372290371505762,225.43907176183401,0.8840747912228785,5.318567467790704,2.25439071761834,0.2976895768369507,2.575757575757576
outputs/distill_experiments/20260413_090512_ptb_transformer_l6_stage2_a001_e4_seed790,ptb,ptb_transformer_l6_stage2_a001_e4_seed790,790,4,256,0.01,5.3419585250524495,215.68061038689936,0.8458063152427426,5.288538939801925,2.156806103868994,0.28968517794919857,2.575757575757576
outputs/distill_experiments/20260413_091432_ptb_grassmann_l6_stage1_kd000_e6_seed792,ptb,ptb_grassmann_l6_stage1_kd000_e6_seed792,792,1,256,0.0,9.157843766918212,1323.3114957317464,5.189456846006848,9.157843766918212,0.0,0.0,0.0
outputs/distill_experiments/20260413_091432_ptb_grassmann_l6_stage1_kd000_e6_seed792,ptb,ptb_grassmann_l6_stage1_kd000_e6_seed792,792,2,256,0.0,6.5190691653606345,651.362203241818,2.5543615813404625,6.5190691653606345,0.0,0.0,0.0
outputs/distill_experiments/20260413_091432_ptb_grassmann_l6_stage1_kd000_e6_seed792,ptb,ptb_grassmann_l6_stage1_kd000_e6_seed792,792,3,256,0.0,6.070281944180373,529.7553387130803,2.0774719165218833,6.070281944180373,0.0,0.0,0.0
outputs/distill_experiments/20260413_091432_ptb_grassmann_l6_stage1_kd000_e6_seed792,ptb,ptb_grassmann_l6_stage1_kd000_e6_seed792,792,4,256,0.0,5.8376815202510635,483.1900723107792,1.8948630286697223,5.8376815202510635,0.0,0.0,0.0
outputs/distill_experiments/20260413_091432_ptb_grassmann_l6_stage1_kd000_e6_seed792,ptb,ptb_grassmann_l6_stage1_kd000_e6_seed792,792,5,256,0.0,5.725526611287735,459.7220215613736,1.8028314571034258,5.725526611287735,0.0,0.0,0.0
outputs/distill_experiments/20260413_091432_ptb_grassmann_l6_stage1_kd000_e6_seed792,ptb,ptb_grassmann_l6_stage1_kd000_e6_seed792,792,6,256,0.0,5.692406674660281,452.4724090706795,1.774401604198743,5.692406674660281,0.0,0.0,0.0
outputs/distill_experiments/20260413_091432_ptb_grassmann_l6_stage1_kd005_e6_seed792,ptb,ptb_grassmann_l6_stage1_kd005_e6_seed792,792,1,256,0.05,9.349901120064898,1168.563818133879,4.582603208368154,8.882406064061652,58.428190906693956,0.8680385189880163,13.421052631578949
outputs/distill_experiments/20260413_091432_ptb_grassmann_l6_stage1_kd005_e6_seed792,ptb,ptb_grassmann_l6_stage1_kd005_e6_seed792,792,2,256,0.05,7.109572666994917,507.0005473639412,1.9882374406429069,6.7540940336451705,25.35002736819706,0.7896190975262882,13.421052631578949
outputs/distill_experiments/20260413_091432_ptb_grassmann_l6_stage1_kd005_e6_seed792,ptb,ptb_grassmann_l6_stage1_kd005_e6_seed792,792,3,256,0.05,6.375118288378319,392.6542032666775,1.5398204049673627,6.056362373959403,19.632710163333876,0.7642436345194139,13.421052631578949
outputs/distill_experiments/20260413_091432_ptb_grassmann_l6_stage1_kd005_e6_seed792,ptb,ptb_grassmann_l6_stage1_kd005_e6_seed792,792,4,256,0.05,6.132256148983482,333.9974558624659,1.30979394455869,5.825643341534308,16.699872793123298,0.7413758110265445,13.421052631578949
outputs/distill_experiments/20260413_091432_ptb_grassmann_l6_stage1_kd005_e6_seed792,ptb,ptb_grassmann_l6_stage1_kd005_e6_seed792,792,5,256,0.05,6.01835960792942,307.83018476121407,1.207177195142016,5.717441627532948,15.391509238060705,0.7291461018627865,13.421052631578949
outputs/distill_experiments/20260413_091432_ptb_grassmann_l6_stage1_kd005_e6_seed792,ptb,ptb_grassmann_l6_stage1_kd005_e6_seed792,792,6,256,0.05,5.9836529183693905,300.1929746981434,1.1772273517574252,5.684470272450921,15.009648734907172,0.7253098684495954,13.421052631578949
outputs/distill_experiments/20260413_092038_ptb_grassmann_l6_stage2_a002_e4_seed792,ptb,ptb_grassmann_l6_stage2_a002_e4_seed792,792,1,256,0.02,5.875891709440489,282.4308571021657,1.1075719886359439,5.758373875251679,5.648617142043314,0.4951890584886955,5.204081632653062
outputs/distill_experiments/20260413_092038_ptb_grassmann_l6_stage2_a002_e4_seed792,ptb,ptb_grassmann_l6_stage2_a002_e4_seed792,792,2,256,0.02,5.688499742006498,243.5607474392184,0.9551401860361506,5.574729747166368,4.871214948784369,0.46632593705695624,5.204081632653062
outputs/distill_experiments/20260413_092038_ptb_grassmann_l6_stage2_a002_e4_seed792,ptb,ptb_grassmann_l6_stage2_a002_e4_seed792,792,3,256,0.02,5.561144472054733,217.76826076245464,0.8539931794606065,5.449921582613638,4.355365215249093,0.44418539763655224,5.204081632653062
outputs/distill_experiments/20260413_092038_ptb_grassmann_l6_stage2_a002_e4_seed792,ptb,ptb_grassmann_l6_stage2_a002_e4_seed792,792,4,256,0.02,5.517914641733292,209.50097798903693,0.8215724627021056,5.407556348898626,4.190019559780739,0.4365706090421836,5.204081632653062
outputs/distill_experiments/20260413_092056_ptb_grassmann_l6_stage2_a001_e4_seed792,ptb,ptb_grassmann_l6_stage2_a001_e4_seed792,792,1,256,0.01,5.688460138634159,347.9593817841284,1.3645465952318763,5.631575537247818,3.4795938178412844,0.3819041971706667,2.575757575757576
outputs/distill_experiments/20260413_092056_ptb_grassmann_l6_stage2_a001_e4_seed792,ptb,ptb_grassmann_l6_stage2_a001_e4_seed792,792,2,256,0.01,5.5329047812349925,269.3545093884418,1.056292193680164,5.4775757334226425,2.693545093884418,0.32964205900405513,2.575757575757576
outputs/distill_experiments/20260413_092056_ptb_grassmann_l6_stage2_a001_e4_seed792,ptb,ptb_grassmann_l6_stage2_a001_e4_seed792,792,3,256,0.01,5.4323100569979195,237.2730174037781,0.9304824211912868,5.37798695642794,2.3727301740377813,0.3061304049803724,2.575757575757576
outputs/distill_experiments/20260413_092056_ptb_grassmann_l6_stage2_a001_e4_seed792,ptb,ptb_grassmann_l6_stage2_a001_e4_seed792,792,4,256,0.01,5.399998946725906,227.52035534835716,0.8922366876406163,5.345998957258646,2.2752035534835717,0.2985360315877491,2.575757575757576
outputs/distill_experiments/20260515_014145_wt2_random_init_kd005,wikitext2,wt2_random_init_kd005,42,1,256,0.05,9.068646789397851,766.5821412095943,3.0062044753317423,8.615214449927958,38.329107060479714,0.8164801583506123,13.421052631578949
outputs/distill_experiments/20260515_014145_wt2_random_init_kd005,wikitext2,wt2_random_init_kd005,42,2,256,0.05,6.726625039844653,395.4906233008552,1.5509436207876675,6.39029378785242,19.77453116504276,0.755767760749138,13.421052631578949
outputs/distill_experiments/20260515_014145_wt2_random_init_kd005,wikitext2,wt2_random_init_kd005,42,3,256,0.05,6.082090988305602,278.82279465383834,1.0934227241326995,5.777986438890322,13.941139732691918,0.7069856752974616,13.421052631578949
outputs/distill_experiments/20260515_014145_wt2_random_init_kd005,wikitext2,wt2_random_init_kd005,42,4,256,0.05,5.741318175578908,217.01910371106246,0.8510553086708331,5.454252266799962,10.850955185553124,0.6654901642473225,13.421052631578949
outputs/distill_experiments/20260515_014145_wt2_random_init_kd005,wikitext2,wt2_random_init_kd005,42,5,256,0.05,5.543855286976564,183.84255349228079,0.720951190165807,5.266662522627736,9.19212767461404,0.6357466668523604,13.421052631578949
outputs/distill_experiments/20260515_014145_wt2_random_init_kd005,wikitext2,wt2_random_init_kd005,42,6,256,0.05,5.4114666745179445,162.3857665748812,0.6368069277446321,5.140893340792047,8.11928832874406,0.6123059646608978,13.421052631578949
outputs/distill_experiments/20260515_014145_wt2_random_init_kd005,wikitext2,wt2_random_init_kd005,42,7,256,0.05,5.326616732343858,149.05838643285637,0.5845426918935543,5.060285895726665,7.452919321642819,0.5956043389504616,13.421052631578949
outputs/distill_experiments/20260515_014145_wt2_random_init_kd005,wikitext2,wt2_random_init_kd005,42,8,256,0.05,5.2773125285799285,141.47354216920832,0.5547982045851306,5.013446902150932,7.073677108460416,0.5852241693102841,13.421052631578949
outputs/distill_experiments/20260515_014145_wt2_random_init_kd005,wikitext2,wt2_random_init_kd005,42,9,256,0.05,5.252784341341753,137.8264967957747,0.5404960658657831,4.990145124274665,6.891324839788735,0.5800060817922514,13.421052631578949
outputs/distill_experiments/20260515_014145_wt2_random_init_kd005,wikitext2,wt2_random_init_kd005,42,10,256,0.05,5.245040880793612,136.728564876447,0.5361904504958706,4.982788836753931,6.8364282438223505,0.5784163364811487,13.421052631578949
outputs/distill_experiments/20260515_014145_wt2_warmstart_ce_only,wikitext2,wt2_warmstart_ce_only,42,1,256,0.0,3.738125218296753,258.84896184691667,1.0150939680271243,3.738125218296753,0.0,0.0,0.0
outputs/distill_experiments/20260515_014145_wt2_warmstart_ce_only,wikitext2,wt2_warmstart_ce_only,42,2,256,0.0,3.7051388741505527,271.5689986920685,1.064976465459092,3.7051388741505527,0.0,0.0,0.0
outputs/distill_experiments/20260515_014145_wt2_warmstart_ce_only,wikitext2,wt2_warmstart_ce_only,42,3,256,0.0,3.6636728151658793,282.0831887834628,1.1062085834645599,3.6636728151658793,0.0,0.0,0.0
outputs/distill_experiments/20260515_014145_wt2_warmstart_ce_only,wikitext2,wt2_warmstart_ce_only,42,4,256,0.0,3.62462839105132,291.845426241184,1.1444918676124862,3.62462839105132,0.0,0.0,0.0
outputs/distill_experiments/20260515_014145_wt2_warmstart_ce_only,wikitext2,wt2_warmstart_ce_only,42,5,256,0.0,3.5895241804882487,299.8439173081725,1.1758584992477352,3.5895241804882487,0.0,0.0,0.0
outputs/distill_experiments/20260515_014145_wt2_warmstart_ce_only,wikitext2,wt2_warmstart_ce_only,42,6,256,0.0,3.5609778278811244,306.46211572775826,1.2018122185402285,3.5609778278811244,0.0,0.0,0.0
outputs/distill_experiments/20260515_014145_wt2_warmstart_ce_only,wikitext2,wt2_warmstart_ce_only,42,7,256,0.0,3.5370948966955984,310.955460689637,1.219433179175047,3.5370948966955984,0.0,0.0,0.0
outputs/distill_experiments/20260515_014145_wt2_warmstart_ce_only,wikitext2,wt2_warmstart_ce_only,42,8,256,0.0,3.5207152986135015,314.17472973250165,1.2320577636568693,3.5207152986135015,0.0,0.0,0.0
outputs/distill_experiments/20260515_014145_wt2_warmstart_ce_only,wikitext2,wt2_warmstart_ce_only,42,9,256,0.0,3.5106191673008333,315.64409853098095,1.237819994239141,3.5106191673008333,0.0,0.0,0.0
outputs/distill_experiments/20260515_014145_wt2_warmstart_ce_only,wikitext2,wt2_warmstart_ce_only,42,10,256,0.0,3.5056264838222653,315.8907057077522,1.2387870812068713,3.5056264838222653,0.0,0.0,0.0
outputs/distill_experiments/20260515_014145_wt2_warmstart_kd005,wikitext2,wt2_warmstart_kd005,42,1,256,0.05,3.9569861926761996,124.0796270788396,0.48658677285819446,3.7591368830423892,6.20398135394198,0.6226947433898764,13.421052631578949
outputs/distill_experiments/20260515_014145_wt2_warmstart_kd005,wikitext2,wt2_warmstart_kd005,42,2,256,0.05,4.042609533707919,66.9793841549806,0.2626642515881592,3.8404790570225233,3.34896920774903,0.4658172761544233,13.421052631578949
outputs/distill_experiments/20260515_014145_wt2_warmstart_kd005,wikitext2,wt2_warmstart_kd005,42,3,256,0.05,4.041832959986226,55.212065578256926,0.21651790422845854,3.8397413119869146,2.7606032789128463,0.4182513868622911,13.421052631578949
outputs/distill_experiments/20260515_014145_wt2_warmstart_kd005,wikitext2,wt2_warmstart_kd005,42,4,256,0.05,4.034006894810493,48.96393389813185,0.19201542705149743,3.8323065500699682,2.4481966949065925,0.38980900087342113,13.421052631578949
outputs/distill_experiments/20260515_014145_wt2_warmstart_kd005,wikitext2,wt2_warmstart_kd005,42,5,256,0.05,4.0251395811415875,45.07726062026686,0.17677357105987004,3.823882602084508,2.2538630310133434,0.37083865746854894,13.421052631578949
outputs/distill_experiments/20260515_014145_wt2_warmstart_kd005,wikitext2,wt2_warmstart_kd005,42,6,256,0.05,4.017510200032345,42.52679776550547,0.1667717559431587,3.8166346900307278,2.1263398882752735,0.3577905071371465,13.421052631578949
outputs/distill_experiments/20260515_014145_wt2_warmstart_kd005,wikitext2,wt2_warmstart_kd005,42,7,256,0.05,4.01011597300557,40.90103747222149,0.16039622538126075,3.8096101743552917,2.0450518736110745,0.3493031462544331,13.421052631578949
outputs/distill_experiments/20260515_014145_wt2_warmstart_kd005,wikitext2,wt2_warmstart_kd005,42,8,256,0.05,4.0050686187410625,39.93132001879068,0.1565934118383948,3.8048151878040093,1.996566000939534,0.34415356205406455,13.421052631578949
outputs/distill_experiments/20260515_014145_wt2_warmstart_kd005,wikitext2,wt2_warmstart_kd005,42,9,256,0.05,4.001529058193472,39.450456274154405,0.15470767166335062,3.801452605283798,1.9725228137077204,0.3416230015839314,13.421052631578949
outputs/distill_experiments/20260515_014145_wt2_warmstart_kd005,wikitext2,wt2_warmstart_kd005,42,10,256,0.05,3.999519507022463,39.27775457731784,0.15403041010712878,3.7995435316713397,1.9638877288658922,0.3407497443949441,13.421052631578949
outputs/distill_experiments/20260515_022631_wt2_warmstart_kd002,wikitext2,wt2_warmstart_kd002,42,1,256,0.02,3.892911896419393,129.31258750010153,0.507108186274908,3.815053658491005,2.5862517500020306,0.4040194280639507,5.204081632653062
outputs/distill_experiments/20260515_022631_wt2_warmstart_kd002,wikitext2,wt2_warmstart_kd002,42,2,256,0.02,3.9392237871208478,75.60641379193184,0.296495740360517,3.8604393113784305,1.512128275838637,0.281453560386367,5.204081632653062
outputs/distill_experiments/20260515_022631_wt2_warmstart_kd002,wikitext2,wt2_warmstart_kd002,42,3,256,0.02,3.927014257394628,64.62356862707654,0.2534257593218688,3.8484739722467354,1.2924713725415307,0.2514073357834467,5.204081632653062
outputs/distill_experiments/20260515_022631_wt2_warmstart_kd002,wikitext2,wt2_warmstart_kd002,42,4,256,0.02,3.9119357445026743,58.6710726148933,0.23008263770546392,3.8336970296126207,1.1734214522978659,0.23435064629230465,5.204081632653062
outputs/distill_experiments/20260515_022631_wt2_warmstart_kd002,wikitext2,wt2_warmstart_kd002,42,5,256,0.02,3.8971002175363347,54.925168765965196,0.2153928186900596,3.819158213185608,1.0985033753193039,0.2233792129753433,5.204081632653062
outputs/distill_experiments/20260515_022631_wt2_warmstart_kd002,wikitext2,wt2_warmstart_kd002,42,6,256,0.02,3.8849837540029553,52.49963637950998,0.20588092697847052,3.807284078922896,1.0499927275901997,0.21616901185912862,5.204081632653062
outputs/distill_experiments/20260515_022631_wt2_warmstart_kd002,wikitext2,wt2_warmstart_kd002,42,7,256,0.02,3.8740096811114983,50.972703434457806,0.19989295464493256,3.796529487489268,1.0194540686891562,0.21168138487127905,5.204081632653062
outputs/distill_experiments/20260515_022631_wt2_warmstart_kd002,wikitext2,wt2_warmstart_kd002,42,8,256,0.02,3.8665091557497155,50.06369201500719,0.19632820398042036,3.7891789726347214,1.0012738403001438,0.2090144458988449,5.204081632653062
outputs/distill_experiments/20260515_022631_wt2_warmstart_kd002,wikitext2,wt2_warmstart_kd002,42,9,256,0.02,3.861435242001214,49.630117491016335,0.19462791172947583,3.7842065371611895,0.9926023498203267,0.2077961193979347,5.204081632653062
outputs/distill_experiments/20260515_022631_wt2_warmstart_kd002,wikitext2,wt2_warmstart_kd002,42,10,256,0.02,3.8587884164997885,49.47028118425982,0.19400110268337184,3.781612648169793,0.9894056236851964,0.2073782927057439,5.204081632653062
outputs/distill_experiments/20260515_022631_wt2_warmstart_kd020,wikitext2,wt2_warmstart_kd020,42,1,256,0.2,4.013739980910554,122.8789438771749,0.4818782112830388,3.210991984728443,24.575788775434983,0.8844417418324367,63.75
outputs/distill_experiments/20260515_022631_wt2_warmstart_kd020,wikitext2,wt2_warmstart_kd020,42,2,256,0.2,4.137679010912457,64.44242847091621,0.2527154057682989,3.310143208729966,12.888485694183244,0.7956528772546508,63.75
outputs/distill_experiments/20260515_022631_wt2_warmstart_kd020,wikitext2,wt2_warmstart_kd020,42,3,256,0.2,4.1466915349943045,52.485866499857195,0.20582692745042036,3.3173532279954436,10.49717329997144,0.7598648624489871,63.75
outputs/distill_experiments/20260515_022631_wt2_warmstart_kd020,wikitext2,wt2_warmstart_kd020,42,4,256,0.2,4.14585639851118,46.164905032771955,0.18103884326577238,3.316685118808944,9.232981006554391,0.7357152703763328,63.75
outputs/distill_experiments/20260515_022631_wt2_warmstart_kd020,wikitext2,wt2_warmstart_kd020,42,5,256,0.2,4.142379000009231,42.246940672581914,0.16567427714738006,3.3139032000073847,8.449388134516383,0.7182843554778331,63.75
outputs/distill_experiments/20260515_022631_wt2_warmstart_kd020,wikitext2,wt2_warmstart_kd020,42,6,256,0.2,4.138884465264059,39.66192674621588,0.15553696763221914,3.3111075722112475,7.932385349243177,0.7055089912590141,63.75
outputs/distill_experiments/20260515_022631_wt2_warmstart_kd020,wikitext2,wt2_warmstart_kd020,42,7,256,0.2,4.135043749639965,38.00311521787813,0.1490318243838358,3.308034999711972,7.600623043575627,0.6967514256487766,63.75
outputs/distill_experiments/20260515_022631_wt2_warmstart_kd020,wikitext2,wt2_warmstart_kd020,42,8,256,0.2,4.1324959067167635,37.02074118704795,0.14517937720410962,3.305996725373411,7.404148237409591,0.6913210104194186,63.75
outputs/distill_experiments/20260515_022631_wt2_warmstart_kd020,wikitext2,wt2_warmstart_kd020,42,9,256,0.2,4.130613450315642,36.523439059393255,0.14322917278193434,3.3044907602525138,7.304687811878651,0.688525295546165,63.75
outputs/distill_experiments/20260515_022631_wt2_warmstart_kd020,wikitext2,wt2_warmstart_kd020,42,10,256,0.2,4.129477929707999,36.342925482816135,0.14252127640320053,3.3035823437663994,7.2685850965632275,0.6875208075910498,63.75
outputs/distill_experiments/20260515_111904_ptb_warmstart_kd0,ptb,ptb_warmstart_kd0,42,1,256,0.01,3.549279339868331,75.43237960121067,0.29581325333808106,3.513786546469648,0.7543237960121068,0.1767348394215821,2.575757575757576
outputs/distill_experiments/20260515_111904_ptb_warmstart_kd0,ptb,ptb_warmstart_kd0,42,2,256,0.01,3.5669779415521625,57.96226463309277,0.22730299856114813,3.5313081621366407,0.5796226463309277,0.14099547604572643,2.575757575757576
outputs/distill_experiments/20260515_111904_ptb_warmstart_kd0,ptb,ptb_warmstart_kd0,42,3,256,0.01,3.5585055094523645,52.36269051417974,0.20534388436933232,3.5229204543578407,0.5236269051417974,0.1294009086320306,2.575757575757576
outputs/distill_experiments/20260515_111904_ptb_warmstart_kd0,ptb,ptb_warmstart_kd0,42,4,256,0.01,3.5466887232794853,49.218602413582246,0.19301412711208724,3.5112218360466905,0.49218602413582246,0.12294176394842368,2.575757575757576
outputs/distill_experiments/20260515_111904_ptb_warmstart_kd0,ptb,ptb_warmstart_kd0,42,5,256,0.01,3.534115393383596,47.22837247201843,0.18520930381183698,3.4987742394497596,0.4722837247201843,0.11893146083021332,2.575757575757576
outputs/distill_experiments/20260515_111904_ptb_warmstart_kd0,ptb,ptb_warmstart_kd0,42,6,256,0.01,3.5229523138410204,45.971957240026256,0.18028218525500492,3.4877227907026103,0.45971957240026257,0.11646011014557327,2.575757575757576
outputs/distill_experiments/20260515_111904_ptb_warmstart_kd0,ptb,ptb_warmstart_kd0,42,7,256,0.01,3.513484316866901,45.15709120734744,0.17708663218567625,3.4783494736982323,0.45157091207347444,0.11490586773930302,2.575757575757576
outputs/distill_experiments/20260515_111904_ptb_warmstart_kd0,ptb,ptb_warmstart_kd0,42,8,256,0.01,3.505742683687788,44.68799593298788,0.17524704287446227,3.47068525685091,0.44687995932987884,0.114070841114303,2.575757575757576
outputs/distill_experiments/20260515_111904_ptb_warmstart_kd0,ptb,ptb_warmstart_kd0,42,9,256,0.01,3.5007915622507513,44.50266140660447,0.17452024081021358,3.465783646628244,0.44502661406604466,0.11379396708114364,2.575757575757576
outputs/distill_experiments/20260515_111904_ptb_warmstart_kd0,ptb,ptb_warmstart_kd0,42,10,256,0.01,3.4985639308857257,44.41847824368237,0.17419011075953872,3.4635782915768685,0.44418478243682374,0.11366727563157976,2.575757575757576
outputs/distill_experiments/20260515_121432_ptb_warmstart_lambda_20,ptb,ptb_warmstart_lambda_20,42,1,256,0.02,3.579944864106785,70.57801648608519,0.27677653523954976,3.508345966824649,1.4115603297217039,0.2869079703230492,5.204081632653062
outputs/distill_experiments/20260515_121432_ptb_warmstart_lambda_20,ptb,ptb_warmstart_lambda_20,42,2,256,0.02,3.6275244709821832,49.358832794794445,0.1935640501756645,3.5549739815625396,0.9871766558958889,0.21733683769859866,5.204081632653062
outputs/distill_experiments/20260515_121432_ptb_warmstart_lambda_20,ptb,ptb_warmstart_lambda_20,42,3,256,0.02,3.6295305635779256,42.981024565742906,0.16855303751271727,3.556939952306367,0.8596204913148582,0.19463573572425474,5.204081632653062
outputs/distill_experiments/20260515_121432_ptb_warmstart_lambda_20,ptb,ptb_warmstart_lambda_20,42,4,256,0.02,3.6249489861583086,39.42778592110754,0.15461876831806878,3.5524500064351425,0.7885557184221509,0.1816527709020872,5.204081632653062
outputs/distill_experiments/20260515_121432_ptb_warmstart_lambda_20,ptb,ptb_warmstart_lambda_20,42,5,256,0.02,3.6179464267808914,37.183020543396864,0.14581576683685044,3.5455874982452733,0.7436604108679373,0.17337781042870215,5.204081632653062
outputs/distill_experiments/20260515_121432_ptb_warmstart_lambda_20,ptb,ptb_warmstart_lambda_20,42,6,256,0.02,3.611443285201954,35.726651158411244,0.14010451434671076,3.539214419497915,0.7145330231682249,0.1679773030249238,5.204081632653062
outputs/distill_experiments/20260515_121432_ptb_warmstart_lambda_20,ptb,ptb_warmstart_lambda_20,42,7,256,0.02,3.605563164670394,34.794646679697124,0.13644959482234167,3.533451901376986,0.6958929335939424,0.16453918059361217,5.204081632653062
outputs/distill_experiments/20260515_121432_ptb_warmstart_lambda_20,ptb,ptb_warmstart_lambda_20,42,8,256,0.02,3.599738489053464,34.25766178809138,0.13434377171800543,3.5277437192723946,0.6851532357618276,0.162632327131358,5.204081632653062
outputs/distill_experiments/20260515_121432_ptb_warmstart_lambda_20,ptb,ptb_warmstart_lambda_20,42,9,256,0.02,3.596508832094932,34.00277715804583,0.13334422414919933,3.5245786554530336,0.6800555431609167,0.16173952620779605,5.204081632653062
outputs/distill_experiments/20260515_121432_ptb_warmstart_lambda_20,ptb,ptb_warmstart_lambda_20,42,10,256,0.02,3.5948805055470046,33.91402387436405,0.1329961720563296,3.5229828954360642,0.6782804774872809,0.16144678809205817,5.204081632653062
outputs/distill_experiments/20260515_122632_ptb_warmstart_lambda_30,ptb,ptb_warmstart_lambda_30,42,1,256,0.03,3.6003604765060815,68.29473461452758,0.2678224886844219,3.492349662210899,2.0488420384358275,0.36974754693953327,7.88659793814433
outputs/distill_experiments/20260515_122632_ptb_warmstart_lambda_30,ptb,ptb_warmstart_lambda_30,42,2,256,0.03,3.6666689165059068,45.33315256818723,0.1777770688948519,3.5566688490107294,1.3599945770456168,0.27660924883289556,7.88659793814433
outputs/distill_experiments/20260515_122632_ptb_warmstart_lambda_30,ptb,ptb_warmstart_lambda_30,42,3,256,0.03,3.672820928693489,38.86536653333485,0.15241320209150921,3.562636300832684,1.1659609960000454,0.2465765052103337,7.88659793814433
outputs/distill_experiments/20260515_122632_ptb_warmstart_lambda_30,ptb,ptb_warmstart_lambda_30,42,4,256,0.03,3.6713434594470815,35.30133742065842,0.13843661733591536,3.561203155663669,1.0590401226197526,0.22921739372417252,7.88659793814433
outputs/distill_experiments/20260515_122632_ptb_warmstart_lambda_30,ptb,ptb_warmstart_lambda_30,42,5,256,0.03,3.667086148374815,33.05507072797631,0.12962772834500513,3.5570735639235704,0.9916521218392892,0.21800657818146285,7.88659793814433
outputs/distill_experiments/20260515_122632_ptb_warmstart_lambda_30,ptb,ptb_warmstart_lambda_30,42,6,256,0.03,3.6625916155965297,31.59976074732647,0.12392063038167243,3.5527138671286336,0.9479928224197941,0.21063199355364118,7.88659793814433
outputs/distill_experiments/20260515_122632_ptb_warmstart_lambda_30,ptb,ptb_warmstart_lambda_30,42,7,256,0.03,3.6585770852126953,30.663532271259513,0.120249146161802,3.5488197726563144,0.9199059681377854,0.2058542012860956,7.88659793814433
outputs/distill_experiments/20260515_122632_ptb_warmstart_lambda_30,ptb,ptb_warmstart_lambda_30,42,8,256,0.03,3.654128468286403,30.113743419608547,0.11809311144944529,3.5445046142378107,0.9034123025882563,0.2031090776832475,7.88659793814433
outputs/distill_experiments/20260515_122632_ptb_warmstart_lambda_30,ptb,ptb_warmstart_lambda_30,42,9,256,0.03,3.6517591035481534,29.848463925565515,0.11705279970810006,3.542206330441709,0.8954539177669654,0.2017851452527102,7.88659793814433
outputs/distill_experiments/20260515_122632_ptb_warmstart_lambda_30,ptb,ptb_warmstart_lambda_30,42,10,256,0.03,3.6503324896990113,29.76522964001454,0.11672639074515505,3.540822515008041,0.8929568892004361,0.20139858296803284,7.88659793814433
outputs/distill_experiments/20260515_123903_ptb_warmstart_lambda_40,ptb,ptb_warmstart_lambda_40,42,1,256,0.04,3.613196792407035,67.18461038873495,0.26346906034798023,3.4686689207107535,2.687384415549398,0.4365433937552601,10.625000000000002
outputs/distill_experiments/20260515_123903_ptb_warmstart_lambda_40,ptb,ptb_warmstart_lambda_40,42,2,256,0.04,3.6932293575447566,42.969469894990105,0.16850772507839257,3.5455001832429662,1.7187787957996044,0.326498425072488,10.625000000000002
outputs/distill_experiments/20260515_123903_ptb_warmstart_lambda_40,ptb,ptb_warmstart_lambda_40,42,3,256,0.04,3.701384234143743,36.45448241262829,0.1429587545593266,3.5533288647779933,1.4581792965051315,0.2909661621965284,10.625000000000002
outputs/distill_experiments/20260515_123903_ptb_warmstart_lambda_40,ptb,ptb_warmstart_lambda_40,42,4,256,0.04,3.7013745275159278,32.93752233518569,0.12916675425563015,3.5533195464152905,1.3175008934074277,0.2704884956620122,10.625000000000002
outputs/distill_experiments/20260515_123903_ptb_warmstart_lambda_40,ptb,ptb_warmstart_lambda_40,42,5,256,0.04,3.698422644046492,30.7390719364559,0.12054538014296431,3.550485738284632,1.2295628774582361,0.2572281113227024,10.625000000000002
outputs/distill_experiments/20260515_123903_ptb_warmstart_lambda_40,ptb,ptb_warmstart_lambda_40,42,6,256,0.04,3.6950414263468976,29.316723112212454,0.11496754161651943,3.5472397692930215,1.1726689244884982,0.2484516122173062,10.625000000000002
outputs/distill_experiments/20260515_123903_ptb_warmstart_lambda_40,ptb,ptb_warmstart_lambda_40,42,7,256,0.04,3.69205841622822,28.403116209868458,0.11138476945046454,3.544376079579091,1.1361246483947383,0.242735705947975,10.625000000000002
outputs/distill_experiments/20260515_123903_ptb_warmstart_lambda_40,ptb,ptb_warmstart_lambda_40,42,8,256,0.04,3.688254492861324,27.864036370569803,0.10927073086497961,3.5407243131468706,1.1145614548227922,0.2394184826399803,10.625000000000002
outputs/distill_experiments/20260515_123903_ptb_warmstart_lambda_40,ptb,ptb_warmstart_lambda_40,42,9,256,0.04,3.686314864050136,27.60207875254563,0.10824344608841424,3.5388622694881304,1.1040831501018251,0.23779800327683645,10.625000000000002
outputs/distill_experiments/20260515_123903_ptb_warmstart_lambda_40,ptb,ptb_warmstart_lambda_40,42,10,256,0.04,3.6851788725662833,27.519071300546983,0.1079179266688117,3.537771717663632,1.1007628520218793,0.23730832129952414,10.625000000000002
outputs/distill_experiments/20260515_130637_wt2_warmstart_lambda_10,wikitext2,wt2_warmstart_lambda_10,42,1,256,0.01,3.835408359972548,139.72495742474098,0.5479410095087881,3.7970542763728226,1.3972495742474098,0.2689965035604472,2.575757575757576
outputs/distill_experiments/20260515_130637_wt2_warmstart_lambda_10,wikitext2,wt2_warmstart_lambda_10,42,2,256,0.01,3.8545831404638284,89.77509001270136,0.3520591765203975,3.81603730905919,0.8977509001270135,0.19045210779251426,2.575757575757576
outputs/distill_experiments/20260515_130637_wt2_warmstart_lambda_10,wikitext2,wt2_warmstart_lambda_10,42,3,256,0.01,3.8339141638678824,79.1299690419848,0.3103136040862149,3.7955750222292037,0.7912996904198479,0.17251390979520556,2.575757575757576
outputs/distill_experiments/20260515_130637_wt2_warmstart_lambda_10,wikitext2,wt2_warmstart_lambda_10,42,4,256,0.01,3.8118422665897493,73.31723834126346,0.2875185817304449,3.7737238439238516,0.7331723834126346,0.1626778932617957,2.575757575757576
outputs/distill_experiments/20260515_130637_wt2_warmstart_lambda_10,wikitext2,wt2_warmstart_lambda_10,42,5,256,0.01,3.790838118694601,69.6335748017044,0.2730728423596251,3.7529297375076554,0.696335748017044,0.15650577612923128,2.575757575757576
outputs/distill_experiments/20260515_130637_wt2_warmstart_lambda_10,wikitext2,wt2_warmstart_lambda_10,42,6,256,0.01,3.7737602325298725,67.26465173199279,0.26378294796859914,3.7360226302045736,0.6726465173199279,0.15257359870101014,2.575757575757576
outputs/distill_experiments/20260515_130637_wt2_warmstart_lambda_10,wikitext2,wt2_warmstart_lambda_10,42,7,256,0.01,3.758615856016098,65.80421794041703,0.2580557566290864,3.7210296974559367,0.6580421794041703,0.15026978270929897,2.575757575757576
outputs/distill_experiments/20260515_130637_wt2_warmstart_lambda_10,wikitext2,wt2_warmstart_lambda_10,42,8,256,0.01,3.748358484244395,64.93174912728968,0.2546343103030968,3.7108748994019507,0.6493174912728968,0.14891945884351193,2.575757575757576
outputs/distill_experiments/20260515_130637_wt2_warmstart_lambda_10,wikitext2,wt2_warmstart_lambda_10,42,9,256,0.01,3.741532745894141,64.53648845747038,0.25308426846066817,3.7041174184351995,0.6453648845747039,0.14837740209406122,2.575757575757576
outputs/distill_experiments/20260515_130637_wt2_warmstart_lambda_10,wikitext2,wt2_warmstart_lambda_10,42,10,256,0.01,3.7379240774882097,64.40251376291037,0.2525588775016093,3.7005448367133273,0.6440251376291037,0.14823679706679824,2.575757575757576
outputs/distill_experiments/20260515_130903_ts_random_init_kd005,tinystories,ts_random_init_kd005,42,1,256,0.05,4.306598665721215,1313.5186841732639,5.151053663424564,4.091268732435155,65.6759342086632,0.9413582806825544,13.421052631578949
outputs/distill_experiments/20260515_130903_ts_random_init_kd005,tinystories,ts_random_init_kd005,42,2,256,0.05,2.211101170130939,239.8502959809103,0.9405893960035697,2.100546111624392,11.992514799045516,0.8509517467540312,13.421052631578949
outputs/distill_experiments/20260515_130903_ts_random_init_kd005,tinystories,ts_random_init_kd005,42,3,256,0.05,1.9664366052341036,152.77930680396244,0.5991345364861272,1.8681147749723983,7.638965340198123,0.803502783994485,13.421052631578949
outputs/distill_experiments/20260515_130903_ts_random_init_kd005,tinystories,ts_random_init_kd005,42,4,256,0.05,1.8865164598388449,125.746071139232,0.49312184760483135,1.7921906368469025,6.2873035569616,0.7781803422520809,13.421052631578949
outputs/distill_experiments/20260515_130903_ts_random_init_kd005,tinystories,ts_random_init_kd005,42,5,256,0.05,1.8469295058438733,112.93353701222317,0.4428766157342085,1.7545830305516796,5.646676850611159,0.762934546452379,13.421052631578949
outputs/distill_experiments/20260515_130903_ts_random_init_kd005,tinystories,ts_random_init_kd005,42,6,256,0.05,1.8238048859219362,105.65093069410351,0.41431737527099416,1.7326146416258394,5.282546534705176,0.7530185553723784,13.421052631578949
outputs/distill_experiments/20260515_130903_ts_random_init_kd005,tinystories,ts_random_init_kd005,42,7,256,0.05,1.8097217094751008,101.27285696572179,0.39714845868910503,1.7192356240013458,5.06364284828609,0.7465330344594017,13.421052631578949
outputs/distill_experiments/20260515_130903_ts_random_init_kd005,tinystories,ts_random_init_kd005,42,8,256,0.05,1.8014984615765257,98.72558823497158,0.38715916954890817,1.7114235384976992,4.936279411748579,0.7425541497105709,13.421052631578949
outputs/distill_experiments/20260515_130903_ts_random_init_kd005,tinystories,ts_random_init_kd005,42,9,256,0.05,1.796994002041283,97.40202728321796,0.381968734443992,1.7071443019392187,4.870101364160899,0.7404469304319835,13.421052631578949
outputs/distill_experiments/20260515_130903_ts_random_init_kd005,tinystories,ts_random_init_kd005,42,10,256,0.05,1.795268656080743,96.91278435647507,0.3800501347312748,1.7055052232767056,4.845639217823754,0.739663010240358,13.421052631578949
outputs/distill_experiments/20260515_133151_wt2_warmstart_lambda_30,wikitext2,wt2_warmstart_lambda_30,42,1,256,0.03,3.923767319492267,126.2434043628039,0.49507217397178,3.806054299907499,3.787302130884117,0.498765225286453,7.88659793814433
outputs/distill_experiments/20260515_133151_wt2_warmstart_lambda_30,wikitext2,wt2_warmstart_lambda_30,42,2,256,0.03,3.9888584045144158,70.31799379937087,0.27575683842890536,3.8691926523789832,2.109539813981126,0.35284064404129917,7.88659793814433
outputs/distill_experiments/20260515_133151_wt2_warmstart_lambda_30,wikitext2,wt2_warmstart_lambda_30,42,3,256,0.03,3.9816902820356543,58.80652967380402,0.23061384185805497,3.8622395735745845,1.7641958902141206,0.3135548077585438,7.88659793814433
outputs/distill_experiments/20260515_133151_wt2_warmstart_lambda_30,wikitext2,wt2_warmstart_lambda_30,42,4,256,0.03,3.969389883461938,52.7118923009516,0.20671330314098665,3.8503081869580797,1.581356769028548,0.29113665549006684,7.88659793814433
outputs/distill_experiments/20260515_133151_wt2_warmstart_lambda_30,wikitext2,wt2_warmstart_lambda_30,42,5,256,0.03,3.956989676704004,48.94066325524352,0.19192416962840597,3.838279986402884,1.4682198976573055,0.2766832996769839,7.88659793814433
outputs/distill_experiments/20260515_133151_wt2_warmstart_lambda_30,wikitext2,wt2_warmstart_lambda_30,42,6,256,0.03,3.946843608506822,46.5279637637811,0.18246260299522002,3.8284383002516176,1.395838912913433,0.2671831635189559,7.88659793814433
outputs/distill_experiments/20260515_133151_wt2_warmstart_lambda_30,wikitext2,wt2_warmstart_lambda_30,42,7,256,0.03,3.9376542704206297,45.01471730948181,0.17652830317443846,3.8195246423080107,1.3504415192844543,0.26120896676594263,7.88659793814433
outputs/distill_experiments/20260515_133151_wt2_warmstart_lambda_30,wikitext2,wt2_warmstart_lambda_30,42,8,256,0.03,3.9314529533540785,44.12321010044178,0.1730321964723207,3.813509364753456,1.3236963030132534,0.25766854368295167,7.88659793814433
outputs/distill_experiments/20260515_133151_wt2_warmstart_lambda_30,wikitext2,wt2_warmstart_lambda_30,42,9,256,0.03,3.9273179649912686,43.690384381309805,0.17133484071101884,3.8094984260415305,1.310711531439294,0.2559878486084919,7.88659793814433
outputs/distill_experiments/20260515_133151_wt2_warmstart_lambda_30,wikitext2,wt2_warmstart_lambda_30,42,10,256,0.03,3.9250396688758014,43.53355502563698,0.17071982362994895,3.8072884788095274,1.3060066507691093,0.2554138999750502,7.88659793814433
outputs/distill_experiments/20260515_135716_wt2_warmstart_lambda_40,wikitext2,wt2_warmstart_lambda_40,42,1,256,0.04,3.943287903317664,124.84768511626446,0.4895987651618214,3.785556387184957,4.993907404650578,0.5688169030658414,10.625000000000002
outputs/distill_experiments/20260515_135716_wt2_warmstart_lambda_40,wikitext2,wt2_warmstart_lambda_40,42,2,256,0.04,4.020345823408152,68.16243786521527,0.26730367790280496,3.859531990471826,2.7264975146086106,0.41398197692637145,10.625000000000002
outputs/distill_experiments/20260515_135716_wt2_warmstart_lambda_40,wikitext2,wt2_warmstart_lambda_40,42,3,256,0.04,4.016987881384395,56.478753000933146,0.22148530588601234,3.856308366129019,2.259150120037326,0.3694163119817923,10.625000000000002
outputs/distill_experiments/20260515_135716_wt2_warmstart_lambda_40,wikitext2,wt2_warmstart_lambda_40,42,4,256,0.04,4.0073548805130255,50.27292801360482,0.1971487373082542,3.8470606852925044,2.010917120544193,0.3432783781701223,10.625000000000002
outputs/distill_experiments/20260515_135716_wt2_warmstart_lambda_40,wikitext2,wt2_warmstart_lambda_40,42,5,256,0.04,3.997069165426755,46.40439726266923,0.1819780284810558,3.837186398809685,1.8561758905067691,0.32602455213325654,10.625000000000002
outputs/distill_experiments/20260515_135716_wt2_warmstart_lambda_40,wikitext2,wt2_warmstart_lambda_40,42,6,256,0.04,3.9883324280643353,43.87079840888981,0.17204234670152868,3.828799130941762,1.7548319363555924,0.31428149804406474,10.625000000000002
outputs/distill_experiments/20260515_135716_wt2_warmstart_lambda_40,wikitext2,wt2_warmstart_lambda_40,42,7,256,0.04,3.9799778062100732,42.26371923028336,0.16574007541287591,3.82077869396167,1.6905487692113343,0.30674075901090525,10.625000000000002
outputs/distill_experiments/20260515_135716_wt2_warmstart_lambda_40,wikitext2,wt2_warmstart_lambda_40,42,8,256,0.04,3.9742952410708816,41.315373767348845,0.16202107359744644,3.8153234314280464,1.6526149506939538,0.3022373032032242,10.625000000000002
outputs/distill_experiments/20260515_135716_wt2_warmstart_lambda_40,wikitext2,wt2_warmstart_lambda_40,42,9,256,0.04,3.9703257240737115,40.858396677996815,0.16022900658037967,3.8115126951107627,1.6343358671198727,0.30010674157462136,10.625000000000002
outputs/distill_experiments/20260515_135716_wt2_warmstart_lambda_40,wikitext2,wt2_warmstart_lambda_40,42,10,256,0.04,3.9681043151294593,40.6969483433813,0.15959587585639726,3.809380142524281,1.627877933735252,0.29939317040016655,10.625000000000002
outputs/distill_experiments/20260516_011242_ts_warmstart_ce_only,tinystories,ts_warmstart_ce_only,42,1,256,0.0,1.6301965823413218,260.840332094606,1.0229032631161021,1.6301965823413218,0.0,0.0,0.0
outputs/distill_experiments/20260516_011242_ts_warmstart_ce_only,tinystories,ts_warmstart_ce_only,42,2,256,0.0,1.6281485039403638,261.97533809753463,1.0273542670491553,1.6281485039403638,0.0,0.0,0.0
outputs/distill_experiments/20260516_011242_ts_warmstart_ce_only,tinystories,ts_warmstart_ce_only,42,3,256,0.0,1.6230025220746007,262.55821604133934,1.029640062907213,1.6230025220746007,0.0,0.0,0.0
outputs/distill_experiments/20260516_011242_ts_warmstart_ce_only,tinystories,ts_warmstart_ce_only,42,4,256,0.0,1.6176230386376087,263.0977805326494,1.031756002088821,1.6176230386376087,0.0,0.0,0.0
outputs/distill_experiments/20260516_011242_ts_warmstart_ce_only,tinystories,ts_warmstart_ce_only,42,5,256,0.0,1.6117883377186273,263.2981400369777,1.0325417256352067,1.6117883377186273,0.0,0.0,0.0
outputs/distill_experiments/20260516_011242_ts_warmstart_ce_only,tinystories,ts_warmstart_ce_only,42,6,256,0.0,1.6057083867088242,263.47782058272094,1.0332463552263567,1.6057083867088242,0.0,0.0,0.0
outputs/distill_experiments/20260516_011242_ts_warmstart_ce_only,tinystories,ts_warmstart_ce_only,42,7,256,0.0,1.6000720333843041,263.5099677554481,1.0333724225703846,1.6000720333843041,0.0,0.0,0.0
outputs/distill_experiments/20260516_011242_ts_warmstart_ce_only,tinystories,ts_warmstart_ce_only,42,8,256,0.0,1.5951365721904682,263.5398568081451,1.0334896345417455,1.5951365721904682,0.0,0.0,0.0
outputs/distill_experiments/20260516_011242_ts_warmstart_ce_only,tinystories,ts_warmstart_ce_only,42,9,256,0.0,1.5916942838573673,263.46819432097055,1.0332086051802767,1.5916942838573673,0.0,0.0,0.0
outputs/distill_experiments/20260516_011242_ts_warmstart_ce_only,tinystories,ts_warmstart_ce_only,42,10,256,0.0,1.5897642317553995,263.4336203213356,1.0330730208679826,1.5897642317553995,0.0,0.0,0.0
outputs/distill_experiments/20260516_011244_ts_warmstart_lambda_20,tinystories,ts_warmstart_lambda_20,42,1,256,0.02,1.6954787209356825,147.3221776363921,0.5777340299466357,1.6615691465169689,2.946443552727842,0.6394174115906242,5.204081632653062
outputs/distill_experiments/20260516_011244_ts_warmstart_lambda_20,tinystories,ts_warmstart_lambda_20,42,2,256,0.02,1.717511107041247,105.4425419629813,0.413500164560711,1.683160884900422,2.108850839259626,0.5561298309874684,5.204081632653062
outputs/distill_experiments/20260516_011244_ts_warmstart_lambda_20,tinystories,ts_warmstart_lambda_20,42,3,256,0.02,1.7203145512011935,97.35754160160499,0.3817942807906078,1.6859082601771695,1.9471508320320998,0.5359535263842995,5.204081632653062
outputs/distill_experiments/20260516_011244_ts_warmstart_lambda_20,tinystories,ts_warmstart_lambda_20,42,4,256,0.02,1.7198402127085688,93.1252071296354,0.36519689070445255,1.6854434084543974,1.862504142592708,0.5249525580058327,5.204081632653062
outputs/distill_experiments/20260516_011244_ts_warmstart_lambda_20,tinystories,ts_warmstart_lambda_20,42,5,256,0.02,1.7182729850168907,90.41326313397013,0.35456181621164756,1.683907525316553,1.8082652626794027,0.51780520966636,5.204081632653062
outputs/distill_experiments/20260516_011244_ts_warmstart_lambda_20,tinystories,ts_warmstart_lambda_20,42,6,256,0.02,1.7162217090031187,88.5485783403304,0.34724932682482507,1.6818972748230563,1.770971566806608,0.5128985918766481,5.204081632653062
outputs/distill_experiments/20260516_011244_ts_warmstart_lambda_20,tinystories,ts_warmstart_lambda_20,42,7,256,0.02,1.714275572760315,87.25893006264134,0.3421918825985935,1.6799900613051086,1.7451786012528268,0.5095161065585359,5.204081632653062
outputs/distill_experiments/20260516_011244_ts_warmstart_lambda_20,tinystories,ts_warmstart_lambda_20,42,8,256,0.02,1.712611061096861,86.43622565131534,0.3389655907894719,1.6783588398749238,1.728724513026307,0.5073913180181657,5.204081632653062
outputs/distill_experiments/20260516_011244_ts_warmstart_lambda_20,tinystories,ts_warmstart_lambda_20,42,9,256,0.02,1.7113441328497294,85.98003391783607,0.33717660359935714,1.6771172501927347,1.7196006783567215,0.5062535996596763,5.204081632653062
outputs/distill_experiments/20260516_011244_ts_warmstart_lambda_20,tinystories,ts_warmstart_lambda_20,42,10,256,0.02,1.7106261891739611,85.79762433980028,0.3364612719207854,1.676413665390482,1.7159524867960056,0.5058276170129866,5.204081632653062
outputs/distill_experiments/20260516_011246_ts_warmstart_lambda_50,tinystories,ts_warmstart_lambda_50,42,1,256,0.05,1.7068366412105844,144.03347799900962,0.5648371686235671,1.6214948091500552,7.201673899950482,0.8162230755626846,13.421052631578949
outputs/distill_experiments/20260516_011246_ts_warmstart_lambda_50,tinystories,ts_warmstart_lambda_50,42,2,256,0.05,1.7315589238953533,102.54232590459358,0.4021267682533082,1.6449809777005855,5.12711629522968,0.7570943075085501,13.421052631578949
outputs/distill_experiments/20260516_011246_ts_warmstart_lambda_50,tinystories,ts_warmstart_lambda_50,42,3,256,0.05,1.7347017523423847,94.77628917839962,0.3716717222682338,1.6479666647252653,4.738814458919982,0.7419722653992109,13.421052631578949
outputs/distill_experiments/20260516_011246_ts_warmstart_lambda_50,tinystories,ts_warmstart_lambda_50,42,4,256,0.05,1.7342921734387564,90.67972821545435,0.3556067773155072,1.6475775647668185,4.533986410772718,0.7334691396406658,13.421052631578949
outputs/distill_experiments/20260516_011246_ts_warmstart_lambda_50,tinystories,ts_warmstart_lambda_50,42,5,256,0.05,1.7328212917780021,88.04540942486045,0.34527611539160963,1.646180227189102,4.402270471243023,0.7278343977217465,13.421052631578949
outputs/distill_experiments/20260516_011246_ts_warmstart_lambda_50,tinystories,ts_warmstart_lambda_50,42,6,256,0.05,1.7309097369656288,86.23479481876305,0.3381756659559335,1.6443642501173472,4.311739740938153,0.7239194861965559,13.421052631578949
outputs/distill_experiments/20260516_011246_ts_warmstart_lambda_50,tinystories,ts_warmstart_lambda_50,42,7,256,0.05,1.7291758956094518,84.9847466356817,0.3332735162183596,1.6427171008289791,4.2492373317840855,0.7211931762852349,13.421052631578949
outputs/distill_experiments/20260516_011246_ts_warmstart_lambda_50,tinystories,ts_warmstart_lambda_50,42,8,256,0.05,1.7277525285743593,84.18923164335881,0.3301538495817993,1.6413649021456413,4.209461582167941,0.7194644369395949,13.421052631578949
outputs/distill_experiments/20260516_011246_ts_warmstart_lambda_50,tinystories,ts_warmstart_lambda_50,42,9,256,0.05,1.7267280761002093,83.74782116061652,0.3284228280808491,1.6403916722951988,4.187391058030826,0.718522163882484,13.421052631578949
outputs/distill_experiments/20260516_011246_ts_warmstart_lambda_50,tinystories,ts_warmstart_lambda_50,42,10,256,0.05,1.7262072351572122,83.57030270881363,0.3277266772894652,1.6398968733993515,4.178515135440682,0.7181538758500048,13.421052631578949
outputs/distill_experiments/20260516_133235_ts_warmstart_lambda_10,tinystories,ts_warmstart_lambda_10,42,1,256,0.01,1.6815106884575626,154.22780354996286,0.6048149158822073,1.664695581572987,1.5422780354996286,0.48091385201586045,2.575757575757576
outputs/distill_experiments/20260516_133235_ts_warmstart_lambda_10,tinystories,ts_warmstart_lambda_10,42,2,256,0.01,1.7004459035396757,111.2112438340088,0.4361225248392502,1.683441444504279,1.112112438340088,0.39781470325607066,2.575757575757576
outputs/distill_experiments/20260516_133235_ts_warmstart_lambda_10,tinystories,ts_warmstart_lambda_10,42,3,256,0.01,1.702861723529852,102.49369338716501,0.4019360524986863,1.6858331062945535,1.02493693387165,0.3780980749694315,2.575757575757576
outputs/distill_experiments/20260516_133235_ts_warmstart_lambda_10,tinystories,ts_warmstart_lambda_10,42,4,256,0.01,1.7023064096638283,97.98878091844948,0.3842697290919587,1.68528334556719,0.9798878091844948,0.3676641207216545,2.575757575757576
outputs/distill_experiments/20260516_133235_ts_warmstart_lambda_10,tinystories,ts_warmstart_lambda_10,42,5,256,0.01,1.7006010575335913,95.11832042601445,0.373013021278488,1.6835950469582552,0.9511832042601445,0.3610107240790716,2.575757575757576
outputs/distill_experiments/20260516_133235_ts_warmstart_lambda_10,tinystories,ts_warmstart_lambda_10,42,6,256,0.01,1.698352038573712,93.14648811428728,0.3652803455462246,1.681368518187975,0.9314648811428728,0.3564960863487978,2.575757575757576
outputs/distill_experiments/20260516_133235_ts_warmstart_lambda_10,tinystories,ts_warmstart_lambda_10,42,7,256,0.01,1.6961101808240655,91.7783785321559,0.35991520993002313,1.6791490790158248,0.917783785321559,0.3534106706896848,2.575757575757576
outputs/distill_experiments/20260516_133235_ts_warmstart_lambda_10,tinystories,ts_warmstart_lambda_10,42,8,256,0.01,1.6941283530390026,90.90286383761104,0.35648181897102366,1.6771870695086124,0.9090286383761104,0.3514898759622835,2.575757575757576
outputs/distill_experiments/20260516_133235_ts_warmstart_lambda_10,tinystories,ts_warmstart_lambda_10,42,9,256,0.01,1.6925734571915687,90.41902050202381,0.35458439412558357,1.6756477226196531,0.9041902050202382,0.3504833366983704,2.575757575757576
outputs/distill_experiments/20260516_133235_ts_warmstart_lambda_10,tinystories,ts_warmstart_lambda_10,42,10,256,0.01,1.6916422253755317,90.22813330311145,0.35383581687494686,1.6747258031217764,0.9022813330311145,0.35012760359604345,2.575757575757576
outputs/distill_experiments/20260517_012108_ts_warmstart_lambda_30,tinystories,ts_warmstart_lambda_30,42,1,256,0.03,1.7014415704561097,145.37542334224383,0.5700996993813484,1.6503983233424264,4.361262700267315,0.7254671684147231,7.88659793814433
outputs/distill_experiments/20260517_012108_ts_warmstart_lambda_30,tinystories,ts_warmstart_lambda_30,42,2,256,0.03,1.7248879359011544,103.71291552799875,0.4067173157960735,1.6731412978241198,3.1113874658399623,0.6503017579221748,7.88659793814433
outputs/distill_experiments/20260517_012108_ts_warmstart_lambda_30,tinystories,ts_warmstart_lambda_30,42,3,256,0.03,1.72784647299549,95.81908243823334,0.375761107600915,1.6760110788056253,2.874572473147,0.6316931532689999,7.88659793814433
outputs/distill_experiments/20260517_012108_ts_warmstart_lambda_30,tinystories,ts_warmstart_lambda_30,42,4,256,0.03,1.7273906796697962,91.66838390277726,0.35948385844226377,1.6755689592797023,2.750051517083318,0.6213934366426542,7.88659793814433
outputs/distill_experiments/20260517_012108_ts_warmstart_lambda_30,tinystories,ts_warmstart_lambda_30,42,5,256,0.03,1.725865870473527,89.00251414398835,0.3490294672313269,1.6740898943593212,2.6700754243196503,0.6146348558234889,7.88659793814433
outputs/distill_experiments/20260517_012108_ts_warmstart_lambda_30,tinystories,ts_warmstart_lambda_30,42,6,256,0.03,1.7238836691487966,87.16983105388809,0.3418424747211298,1.6721671590743328,2.6150949316166425,0.6099685245030517,7.88659793814433
outputs/distill_experiments/20260517_012108_ts_warmstart_lambda_30,tinystories,ts_warmstart_lambda_30,42,7,256,0.03,1.7220498095445438,85.90354077112754,0.33687663047500993,1.6703883152582075,2.577106223133826,0.6067356178660177,7.88659793814433
outputs/distill_experiments/20260517_012108_ts_warmstart_lambda_30,tinystories,ts_warmstart_lambda_30,42,8,256,0.03,1.7205117229038966,85.09681084416296,0.33371298370259983,1.6688963712167797,2.5529043253248886,0.6046956047489703,7.88659793814433
outputs/distill_experiments/20260517_012108_ts_warmstart_lambda_30,tinystories,ts_warmstart_lambda_30,42,9,256,0.03,1.7193733094552306,84.64928681329734,0.33195798750312683,1.6677921101715736,2.53947860439892,0.603592869744339,7.88659793814433
outputs/distill_experiments/20260517_012108_ts_warmstart_lambda_30,tinystories,ts_warmstart_lambda_30,42,10,256,0.03,1.7187556272939026,84.46952137873346,0.33125302501464104,1.6671929584750855,2.5340856413620036,0.603170101944743,7.88659793814433
outputs/distill_experiments/20260517_130749_ts_warmstart_lambda_40,tinystories,ts_warmstart_lambda_40,42,1,256,0.04,1.704737919872275,144.51065280552513,0.5667084423746084,1.6365484030773838,5.780426112221005,0.7793509469795523,10.625000000000002
outputs/distill_experiments/20260517_130749_ts_warmstart_lambda_40,tinystories,ts_warmstart_lambda_40,42,2,256,0.04,1.7289626417112138,102.95758002694824,0.4037552157919539,1.659804136042765,4.1183032010779295,0.7127425921322765,10.625000000000002
outputs/distill_experiments/20260517_130749_ts_warmstart_lambda_40,tinystories,ts_warmstart_lambda_40,42,3,256,0.04,1.732029097516495,95.14574249385905,0.3731205587994472,1.662747933615835,3.805829699754362,0.6959450802216901,10.625000000000002
outputs/distill_experiments/20260517_130749_ts_warmstart_lambda_40,tinystories,ts_warmstart_lambda_40,42,4,256,0.04,1.7315957807184719,91.02925504033331,0.3569774707464051,1.6623319494897328,3.6411702016133325,0.6865595785335945,10.625000000000002
outputs/distill_experiments/20260517_130749_ts_warmstart_lambda_40,tinystories,ts_warmstart_lambda_40,42,5,256,0.04,1.7301043235605453,88.38329641515722,0.34660116241238126,1.6609001506181233,3.535331856606289,0.6803645125335156,10.625000000000002
outputs/distill_experiments/20260517_130749_ts_warmstart_lambda_40,tinystories,ts_warmstart_lambda_40,42,6,256,0.04,1.728163519875779,86.56446287344433,0.3394684818566444,1.6590369790807478,3.462578514937773,0.6760715479289067,10.625000000000002
outputs/distill_experiments/20260517_130749_ts_warmstart_lambda_40,tinystories,ts_warmstart_lambda_40,42,7,256,0.04,1.726390805105272,85.30871777619721,0.33454399127920476,1.6573351729010612,3.4123487110478887,0.6730890503551267,10.625000000000002
outputs/distill_experiments/20260517_130749_ts_warmstart_lambda_40,tinystories,ts_warmstart_lambda_40,42,8,256,0.04,1.7249209773409657,84.50908256807595,0.3314081669336312,1.655924138247327,3.380363302723038,0.6712014241331165,10.625000000000002
outputs/distill_experiments/20260517_130749_ts_warmstart_lambda_40,tinystories,ts_warmstart_lambda_40,42,9,256,0.04,1.7238503741865716,84.06555485457173,0.32966884256694795,1.6548963592191086,3.3626221941828693,0.6701763348543962,10.625000000000002
outputs/distill_experiments/20260517_130749_ts_warmstart_lambda_40,tinystories,ts_warmstart_lambda_40,42,10,256,0.04,1.72329618254638,83.88730425283566,0.32896982059935553,1.6543643352445248,3.3554921701134264,0.6697780997369461,10.625000000000002
outputs/distill_experiments/20260525_140819_code_warmstart_ce_only,code,code_warmstart_ce_only,42,1,256,0.0,2.6471595894969115,1895.4497845086005,7.433136409837649,2.6471595894969115,0.0,0.0,0.0
outputs/distill_experiments/20260525_140819_code_warmstart_ce_only,code,code_warmstart_ce_only,42,2,256,0.0,1.6511763523435565,2592.2909089840878,10.165846701898383,1.6511763523435565,0.0,0.0,0.0
outputs/distill_experiments/20260525_140819_code_warmstart_ce_only,code,code_warmstart_ce_only,42,3,256,0.0,1.529695205866736,2708.0436097221805,10.61977886165561,1.529695205866736,0.0,0.0,0.0
outputs/distill_experiments/20260525_140819_code_warmstart_ce_only,code,code_warmstart_ce_only,42,4,256,0.0,1.4727686083377818,2770.448811895444,10.864505144688016,1.4727686083377818,0.0,0.0,0.0
outputs/distill_experiments/20260525_140819_code_warmstart_ce_only,code,code_warmstart_ce_only,42,5,256,0.0,1.4364049636444227,2803.170440099601,10.992825255292553,1.4364049636444227,0.0,0.0,0.0
outputs/distill_experiments/20260525_140819_code_warmstart_ce_only,code,code_warmstart_ce_only,42,6,256,0.0,1.4104406173563016,2826.8061121233372,11.085514165189558,1.4104406173563016,0.0,0.0,0.0
outputs/distill_experiments/20260525_140819_code_warmstart_ce_only,code,code_warmstart_ce_only,42,7,256,0.0,1.391163244898852,2836.0840131032746,11.121898090601077,1.391163244898852,0.0,0.0,0.0
outputs/distill_experiments/20260525_140819_code_warmstart_ce_only,code,code_warmstart_ce_only,42,8,256,0.0,1.377050686050445,2846.303405909116,11.161974140820062,1.377050686050445,0.0,0.0,0.0
outputs/distill_experiments/20260525_140819_code_warmstart_ce_only,code,code_warmstart_ce_only,42,9,256,0.0,1.367929807927036,2850.655901623762,11.179042751465733,1.367929807927036,0.0,0.0,0.0
outputs/distill_experiments/20260525_140819_code_warmstart_ce_only,code,code_warmstart_ce_only,42,10,256,0.0,1.3634408584740139,2850.315357067349,11.177707282617055,1.3634408584740139,0.0,0.0,0.0
outputs/distill_experiments/20260525_140832_code_random_init_kd005,code,code_random_init_kd005,42,1,256,0.05,4.783894026993094,75.51971447997525,0.2961557430587265,4.544699325643439,3.7759857239987626,0.45380707255121194,13.421052631578949
outputs/distill_experiments/20260525_140832_code_random_init_kd005,code,code_random_init_kd005,42,2,256,0.05,3.4972511980850003,26.42083231518179,0.10361110711835997,3.32238863818075,1.3210416157590896,0.28449692221353323,13.421052631578949
outputs/distill_experiments/20260525_140832_code_random_init_kd005,code,code_random_init_kd005,42,3,256,0.05,3.215029047323164,26.467657773792652,0.10379473636781432,3.054277594957006,1.3233828886896326,0.30230368335628455,13.421052631578949
outputs/distill_experiments/20260525_140832_code_random_init_kd005,code,code_random_init_kd005,42,4,256,0.05,3.102302829648151,26.32832042833355,0.10324831540522961,2.947187688165743,1.3164160214166776,0.30875665542227604,13.421052631578949
outputs/distill_experiments/20260525_140832_code_random_init_kd005,code,code_random_init_kd005,42,5,256,0.05,3.0461611383307745,26.19065304973447,0.10270844333229204,2.893853081414236,1.3095326524867235,0.31154234595343916,13.421052631578949
outputs/distill_experiments/20260525_140832_code_random_init_kd005,code,code_random_init_kd005,42,6,256,0.05,3.011066669490486,26.076528851097265,0.1022608974552834,2.860513336015962,1.3038264425548634,0.3130931940914601,13.421052631578949
outputs/distill_experiments/20260525_140832_code_random_init_kd005,code,code_random_init_kd005,42,7,256,0.05,2.9871496631741623,25.984750236742293,0.10190098132055801,2.837792180015454,1.2992375118371147,0.31405080664415397,13.421052631578949
outputs/distill_experiments/20260525_140832_code_random_init_kd005,code,code_random_init_kd005,42,8,256,0.05,2.9709536806846626,25.916738259856714,0.10163426768571261,2.822405996650429,1.2958369129928358,0.31465771724113406,13.421052631578949
outputs/distill_experiments/20260525_140832_code_random_init_kd005,code,code_random_init_kd005,42,9,256,0.05,2.961071624778243,25.872612301824564,0.1014612247130375,2.813018043539331,1.2936306150912282,0.31500883631048543,13.421052631578949
outputs/distill_experiments/20260525_140832_code_random_init_kd005,code,code_random_init_kd005,42,10,256,0.05,2.956380628268616,25.85468481199924,0.10139092083136957,2.808561596855185,1.292734240599962,0.3152014123911878,13.421052631578949
outputs/distill_experiments/20260525_140845_code_warmstart_kd002,code,code_warmstart_kd002,42,1,256,0.02,3.7695286597991977,53.75854807710417,0.21081783559648695,3.6941380866032136,1.0751709615420835,0.22543537243831976,5.204081632653062
outputs/distill_experiments/20260525_140845_code_warmstart_kd002,code,code_warmstart_kd002,42,2,256,0.02,2.5744818286004723,47.92998553060506,0.18796072757100024,2.522992192028463,0.9585997106121011,0.27533373738750505,5.204081632653062
outputs/distill_experiments/20260525_140845_code_warmstart_kd002,code,code_warmstart_kd002,42,3,256,0.02,2.4268007535192555,46.96922108768031,0.18419302387325612,2.37826473844887,0.9393844217536063,0.2831476073546835,5.204081632653062
outputs/distill_experiments/20260525_140845_code_warmstart_kd002,code,code_warmstart_kd002,42,4,256,0.02,2.3644744956311006,46.51678867185291,0.18241877910530552,2.3171850057184784,0.9303357734370582,0.28647569536998513,5.204081632653062
outputs/distill_experiments/20260525_140845_code_warmstart_kd002,code,code_warmstart_kd002,42,5,256,0.02,2.3268431293173206,46.21965236857449,0.18125353870029212,2.280306266730974,0.9243930473714899,0.28844922932508676,5.204081632653062
outputs/distill_experiments/20260525_140845_code_warmstart_kd002,code,code_warmstart_kd002,42,6,256,0.02,2.300705326137117,45.994197354919315,0.18036940139184046,2.254691219614375,0.9198839470983863,0.2897659997923175,5.204081632653062
outputs/distill_experiments/20260525_140845_code_warmstart_kd002,code,code_warmstart_kd002,42,7,256,0.02,2.2814444237777733,45.82204884407029,0.1796943091924325,2.2358155353022178,0.9164409768814058,0.29072538143368637,5.204081632653062
outputs/distill_experiments/20260525_140845_code_warmstart_kd002,code,code_warmstart_kd002,42,8,256,0.02,2.2676219046771537,45.69295358842569,0.17918805328794388,2.2222694665836107,0.9138590717685138,0.2913971989964098,5.204081632653062
outputs/distill_experiments/20260525_140845_code_warmstart_kd002,code,code_warmstart_kd002,42,9,256,0.02,2.25880759381211,45.61282835444407,0.1788738366840944,2.213631441935868,0.9122565670888814,0.2918391716066302,5.204081632653062
outputs/distill_experiments/20260525_140845_code_warmstart_kd002,code,code_warmstart_kd002,42,10,256,0.02,2.2543304164589717,45.58157697751559,0.17875128226476703,2.2092438081297923,0.9116315395503118,0.2921076422446578,5.204081632653062
outputs/distill_experiments/20260529_154523_code_random_init_kd005_code_teacher,code,code_random_init_kd005_code_teacher,42,1,256,0.05,4.656482477224907,1534.4066264005187,6.017280887845171,4.4236583533636615,76.72033132002593,0.9454838445685354,13.421052631578949
outputs/distill_experiments/20260529_154523_code_random_init_kd005_code_teacher,code,code_random_init_kd005_code_teacher,42,2,256,0.05,2.787064796195958,453.1635648344949,1.7771120189588034,2.64771155638616,22.658178241724745,0.8953717266016146,13.421052631578949
outputs/distill_experiments/20260529_154523_code_random_init_kd005_code_teacher,code,code_random_init_kd005_code_teacher,42,3,256,0.05,2.340735455258686,306.2052884286181,1.2008050526612473,2.2236986824957516,15.310264421430904,0.8731776342110722,13.421052631578949
outputs/distill_experiments/20260529_154523_code_random_init_kd005_code_teacher,code,code_random_init_kd005_code_teacher,42,4,256,0.05,2.09917821342825,236.65526640929636,0.9280598682717505,1.9942193027568373,11.832763320464819,0.8557733558290833,13.421052631578949
outputs/distill_experiments/20260529_154523_code_random_init_kd005_code_teacher,code,code_random_init_kd005_code_teacher,42,5,256,0.05,1.9339896387911635,193.66611816528206,0.7594749731971845,1.8372901568516051,9.683305908264103,0.840521258929049,13.421052631578949
outputs/distill_experiments/20260529_154523_code_random_init_kd005_code_teacher,code,code_random_init_kd005_code_teacher,42,6,256,0.05,1.814468086717246,163.7190199573144,0.6420353723816251,1.7237446823813836,8.18595099786572,0.8260547308413005,13.421052631578949
outputs/distill_experiments/20260529_154523_code_random_init_kd005_code_teacher,code,code_random_init_kd005_code_teacher,42,7,256,0.05,1.7482833917007188,146.5306617996322,0.5746300462730675,1.6608692221156827,7.326533089981611,0.8152003032199743,13.421052631578949
outputs/distill_experiments/20260529_154523_code_random_init_kd005_code_teacher,code,code_random_init_kd005_code_teacher,42,8,256,0.05,1.7139329826171172,137.35933216317767,0.538664047698736,1.6282363334862613,6.867966608158884,0.8083571750028159,13.421052631578949
outputs/distill_experiments/20260529_154523_code_random_init_kd005_code_teacher,code,code_random_init_kd005_code_teacher,42,9,256,0.05,1.697422580181716,132.990832023229,0.521532674600898,1.6125514511726302,6.64954160116145,0.8048253098871747,13.421052631578949
outputs/distill_experiments/20260529_154523_code_random_init_kd005_code_teacher,code,code_random_init_kd005_code_teacher,42,10,256,0.05,1.6918871124765256,131.5321742145609,0.5158124479002388,1.6072927568526991,6.5766087107280455,0.8036031148200232,13.421052631578949
outputs/distill_experiments/20260529_154530_code_warmstart_kd002_code_teacher,code,code_warmstart_kd002_code_teacher,42,1,256,0.02,1.5049521482324013,231.83462928583958,0.9091554089640768,1.4748531052677532,4.6366925857167915,0.7586775621356501,5.204081632653062
outputs/distill_experiments/20260529_154530_code_warmstart_kd002_code_teacher,code,code_warmstart_kd002_code_teacher,42,2,256,0.02,1.5355623889611725,156.52336355825128,0.6138171119931423,1.504851141181949,3.1304672711650254,0.6753510746589669,5.204081632653062
outputs/distill_experiments/20260529_154530_code_warmstart_kd002_code_teacher,code,code_warmstart_kd002_code_teacher,42,3,256,0.02,1.5231848835044373,131.0386676523305,0.513877128048355,1.4927211858343485,2.62077335304661,0.6371160404553665,5.204081632653062
outputs/distill_experiments/20260529_154530_code_warmstart_kd002_code_teacher,code,code_warmstart_kd002_code_teacher,42,4,256,0.02,1.50791697096823,115.77251118083292,0.45400984776797226,1.4777586315488656,2.3154502236166583,0.6104199141219233,5.204081632653062
outputs/distill_experiments/20260529_154530_code_warmstart_kd002_code_teacher,code,code_warmstart_kd002_code_teacher,42,5,256,0.02,1.4944601768997332,105.87812825817078,0.41520834611047364,1.4645709733617385,2.1175625651634156,0.5911456237991798,5.204081632653062
outputs/distill_experiments/20260529_154530_code_warmstart_kd002_code_teacher,code,code_warmstart_kd002_code_teacher,42,6,256,0.02,1.4836254350839162,99.41610887599789,0.3898670936313643,1.453952926382238,1.988322177519958,0.5776186148707223,5.204081632653062
outputs/distill_experiments/20260529_154530_code_warmstart_kd002_code_teacher,code,code_warmstart_kd002_code_teacher,42,7,256,0.02,1.4751499306720015,95.2728924266242,0.3736191859867615,1.4456469320585614,1.905457848532484,0.5686058697921144,5.204081632653062
outputs/distill_experiments/20260529_154530_code_warmstart_kd002_code_teacher,code,code_warmstart_kd002_code_teacher,42,8,256,0.02,1.469211404794107,92.72285226766836,0.36361902850066025,1.4398271766982247,1.8544570453533673,0.562931708484601,5.204081632653062
outputs/distill_experiments/20260529_154530_code_warmstart_kd002_code_teacher,code,code_warmstart_kd002_code_teacher,42,9,256,0.02,1.4652485023841841,91.432133186603,0.35855738504550194,1.4359435323365004,1.8286426637320599,0.5601453151809064,5.204081632653062
outputs/distill_experiments/20260529_154530_code_warmstart_kd002_code_teacher,code,code_warmstart_kd002_code_teacher,42,10,256,0.02,1.4633481137931754,90.93913519068991,0.356624059571333,1.434081151517312,1.8187827038137983,0.5591327472353322,5.204081632653062
outputs/distill_experiments/20260529_154859_code_ri_kd005,code,code_ri_kd005,42,1,256,0.05,4.656482477224907,1534.4066264005187,6.017280887845171,4.4236583533636615,76.72033132002593,0.9454838445685354,13.421052631578949
outputs/distill_experiments/20260529_154859_code_ri_kd005,code,code_ri_kd005,42,2,256,0.05,2.787064796195958,453.1635648344949,1.7771120189588034,2.64771155638616,22.658178241724745,0.8953717266016146,13.421052631578949
outputs/distill_experiments/20260529_154859_code_ri_kd005,code,code_ri_kd005,42,3,256,0.05,2.340735455258686,306.2052884286181,1.2008050526612473,2.2236986824957516,15.310264421430904,0.8731776342110722,13.421052631578949
outputs/distill_experiments/20260529_154859_code_ri_kd005,code,code_ri_kd005,42,4,256,0.05,2.09917821342825,236.65526640929636,0.9280598682717505,1.9942193027568373,11.832763320464819,0.8557733558290833,13.421052631578949
outputs/distill_experiments/20260529_154859_code_ri_kd005,code,code_ri_kd005,42,5,256,0.05,1.9339896387911635,193.66611816528206,0.7594749731971845,1.8372901568516051,9.683305908264103,0.840521258929049,13.421052631578949
outputs/distill_experiments/20260529_154859_code_ri_kd005,code,code_ri_kd005,42,6,256,0.05,1.814468086717246,163.7190199573144,0.6420353723816251,1.7237446823813836,8.18595099786572,0.8260547308413005,13.421052631578949
outputs/distill_experiments/20260529_154859_code_ri_kd005,code,code_ri_kd005,42,7,256,0.05,1.7482833917007188,146.5306617996322,0.5746300462730675,1.6608692221156827,7.326533089981611,0.8152003032199743,13.421052631578949
outputs/distill_experiments/20260529_154859_code_ri_kd005,code,code_ri_kd005,42,8,256,0.05,1.7139329826171172,137.35933216317767,0.538664047698736,1.6282363334862613,6.867966608158884,0.8083571750028159,13.421052631578949
outputs/distill_experiments/20260529_154859_code_ri_kd005,code,code_ri_kd005,42,9,256,0.05,1.697422580181716,132.990832023229,0.521532674600898,1.6125514511726302,6.64954160116145,0.8048253098871747,13.421052631578949
outputs/distill_experiments/20260529_154859_code_ri_kd005,code,code_ri_kd005,42,10,256,0.05,1.6918871124765256,131.5321742145609,0.5158124479002388,1.6072927568526991,6.5766087107280455,0.8036031148200232,13.421052631578949
outputs/distill_experiments/20260529_154900_code_ws_kd002,code,code_ws_kd002,42,1,256,0.02,1.5049521482324013,231.83462928583958,0.9091554089640768,1.4748531052677532,4.6366925857167915,0.7586775621356501,5.204081632653062
outputs/distill_experiments/20260529_154900_code_ws_kd002,code,code_ws_kd002,42,2,256,0.02,1.5355623889611725,156.52336355825128,0.6138171119931423,1.504851141181949,3.1304672711650254,0.6753510746589669,5.204081632653062
outputs/distill_experiments/20260529_154900_code_ws_kd002,code,code_ws_kd002,42,3,256,0.02,1.5231848835044373,131.0386676523305,0.513877128048355,1.4927211858343485,2.62077335304661,0.6371160404553665,5.204081632653062
outputs/distill_experiments/20260529_154900_code_ws_kd002,code,code_ws_kd002,42,4,256,0.02,1.50791697096823,115.77251118083292,0.45400984776797226,1.4777586315488656,2.3154502236166583,0.6104199141219233,5.204081632653062
outputs/distill_experiments/20260529_154900_code_ws_kd002,code,code_ws_kd002,42,5,256,0.02,1.4944601768997332,105.87812825817078,0.41520834611047364,1.4645709733617385,2.1175625651634156,0.5911456237991798,5.204081632653062
outputs/distill_experiments/20260529_154900_code_ws_kd002,code,code_ws_kd002,42,6,256,0.02,1.4836254350839162,99.41610887599789,0.3898670936313643,1.453952926382238,1.988322177519958,0.5776186148707223,5.204081632653062
outputs/distill_experiments/20260529_154900_code_ws_kd002,code,code_ws_kd002,42,7,256,0.02,1.4751499306720015,95.2728924266242,0.3736191859867615,1.4456469320585614,1.905457848532484,0.5686058697921144,5.204081632653062
outputs/distill_experiments/20260529_154900_code_ws_kd002,code,code_ws_kd002,42,8,256,0.02,1.469211404794107,92.72285226766836,0.36361902850066025,1.4398271766982247,1.8544570453533673,0.562931708484601,5.204081632653062
outputs/distill_experiments/20260529_154900_code_ws_kd002,code,code_ws_kd002,42,9,256,0.02,1.4652485023841841,91.432133186603,0.35855738504550194,1.4359435323365004,1.8286426637320599,0.5601453151809064,5.204081632653062
outputs/distill_experiments/20260529_154900_code_ws_kd002,code,code_ws_kd002,42,10,256,0.02,1.4633481137931754,90.93913519068991,0.356624059571333,1.434081151517312,1.8187827038137983,0.5591327472353322,5.204081632653062
outputs/distill_experiments/20260529_154901_code_ws_ce_only,code,code_ws_ce_only,42,1,256,0.0,1.3623063934925042,390.8890090815872,1.5328980748297536,1.3623063934925042,0.0,0.0,0.0
outputs/distill_experiments/20260529_154901_code_ws_ce_only,code,code_ws_ce_only,42,2,256,0.0,1.3477062590704127,396.5095372369431,1.5549393617135023,1.3477062590704127,0.0,0.0,0.0
outputs/distill_experiments/20260529_154901_code_ws_ce_only,code,code_ws_ce_only,42,3,256,0.0,1.3256209454859835,401.26837452928595,1.573601468742298,1.3256209454859835,0.0,0.0,0.0
outputs/distill_experiments/20260529_154901_code_ws_ce_only,code,code_ws_ce_only,42,4,256,0.0,1.3044915197691824,406.0845646771808,1.592488488930121,1.3044915197691824,0.0,0.0,0.0
outputs/distill_experiments/20260529_154901_code_ws_ce_only,code,code_ws_ce_only,42,5,256,0.0,1.2843390209071794,410.1949583941839,1.6086076799771918,1.2843390209071794,0.0,0.0,0.0
outputs/distill_experiments/20260529_154901_code_ws_ce_only,code,code_ws_ce_only,42,6,256,0.0,1.2659016272002173,413.474674030969,1.6214693099253688,1.2659016272002173,0.0,0.0,0.0
outputs/distill_experiments/20260529_154901_code_ws_ce_only,code,code_ws_ce_only,42,7,256,0.0,1.2499868316733183,416.0336290723392,1.6315044277346635,1.2499868316733183,0.0,0.0,0.0
outputs/distill_experiments/20260529_154901_code_ws_ce_only,code,code_ws_ce_only,42,8,256,0.0,1.2375289295097576,417.5636894482075,1.6375046645027747,1.2375289295097576,0.0,0.0,0.0
outputs/distill_experiments/20260529_154901_code_ws_ce_only,code,code_ws_ce_only,42,9,256,0.0,1.2287352687963562,418.33578754466316,1.6405325001751496,1.2287352687963562,0.0,0.0,0.0
outputs/distill_experiments/20260529_154901_code_ws_ce_only,code,code_ws_ce_only,42,10,256,0.0,1.2241590536718614,418.4363214114272,1.6409267506330478,1.2241590536718614,0.0,0.0,0.0
outputs/distill_experiments/20260530_013210_code_ws_kd10,code,code_ws_kd10,42,1,256,0.01,1.4737752134022788,239.30308503137164,0.9384434707112613,1.459037461268256,2.3930308503137163,0.6212327136355854,2.575757575757576
outputs/distill_experiments/20260530_013210_code_ws_kd10,code,code_ws_kd10,42,2,256,0.01,1.4992077716285428,165.97941964263086,0.6508996848730622,1.4842156939122573,1.6597941964263085,0.5279227020012879,2.575757575757576
outputs/distill_experiments/20260530_013210_code_ws_kd10,code,code_ws_kd10,42,3,256,0.01,1.4879057244257277,140.68109561417887,0.5516905710359956,1.4730266671814705,1.4068109561417887,0.4885035686555011,2.575757575757576
outputs/distill_experiments/20260530_013210_code_ws_kd10,code,code_ws_kd10,42,4,256,0.01,1.4736660754099384,125.36264114185386,0.49161820055628963,1.4589294146558391,1.2536264114185387,0.46215690728577263,2.575757575757576
outputs/distill_experiments/20260530_013210_code_ws_kd10,code,code_ws_kd10,42,5,256,0.01,1.460507725673277,115.22161562325982,0.4518494730323915,1.4459026484165443,1.1522161562325983,0.4434809348097525,2.575757575757576
outputs/distill_experiments/20260530_013210_code_ws_kd10,code,code_ws_kd10,42,6,256,0.01,1.4494456688320272,108.44117642581355,0.4252595153953473,1.434951212143707,1.0844117642581355,0.43043093608007765,2.575757575757576
outputs/distill_experiments/20260530_013210_code_ws_kd10,code,code_ws_kd10,42,7,256,0.01,1.4404612729185875,104.0617147013622,0.4080851556916165,1.4260566601894016,1.040617147013622,0.42187059512079716,2.575757575757576
outputs/distill_experiments/20260530_013210_code_ws_kd10,code,code_ws_kd10,42,8,256,0.01,1.4338661213346715,101.36995777361334,0.3975292461710327,1.4195274601213248,1.0136995777361333,0.4166070662393804,2.575757575757576
outputs/distill_experiments/20260530_013210_code_ws_kd10,code,code_ws_kd10,42,9,256,0.01,1.4293134740572897,100.00558647200793,0.3921787704784625,1.415020339316717,1.0000558647200795,0.4140887409881674,2.575757575757576
outputs/distill_experiments/20260530_013210_code_ws_kd10,code,code_ws_kd10,42,10,256,0.01,1.4269613194144213,99.49693393328356,0.3901840546403277,1.412691706220277,0.9949693393328356,0.41325141725016407,2.575757575757576
outputs/distill_experiments/20260530_143430_code_ws_kd100,code,code_ws_kd100,42,1,256,0.1,1.5436132969885503,227.0592026230289,0.8904282455805055,1.3892519672896952,22.705920262302893,0.9423431401920639,28.333333333333336
outputs/distill_experiments/20260530_143430_code_ws_kd100,code,code_ws_kd100,42,2,256,0.1,1.5788688683569512,150.70315265548194,0.590992755511694,1.420981981521256,15.070315265548196,0.913834432777945,28.333333333333336
outputs/distill_experiments/20260530_143430_code_ws_kd100,code,code_ws_kd100,42,3,256,0.1,1.5643946782713773,125.29582545001698,0.4913561782353607,1.4079552104442397,12.529582545001698,0.8989810657270437,28.333333333333336
outputs/distill_experiments/20260530_143430_code_ws_kd100,code,code_ws_kd100,42,4,256,0.1,1.547499179637486,110.24623439520114,0.432338174098828,1.3927492616737374,11.024623439520115,0.8878386519283719,28.333333333333336
outputs/distill_experiments/20260530_143430_code_ws_kd100,code,code_ws_kd100,42,5,256,0.1,1.5334523162456086,100.66847768235866,0.39477834385238686,1.3801070846210477,10.066847768235867,0.8794345655799801,28.333333333333336
outputs/distill_experiments/20260530_143430_code_ws_kd100,code,code_ws_kd100,42,6,256,0.1,1.5226659807497736,94.47911360282387,0.3705063278542113,1.3703993826747962,9.447911360282388,0.873325936439112,28.333333333333336
outputs/distill_experiments/20260530_143430_code_ws_kd100,code,code_ws_kd100,42,7,256,0.1,1.5146709462678118,90.50453023515612,0.35491972641237696,1.3632038516410308,9.050453023515614,0.8690946064400145,28.333333333333336
outputs/distill_experiments/20260530_143430_code_ws_kd100,code,code_ws_kd100,42,8,256,0.1,1.5093496058389735,88.04893444502228,0.34528993900008736,1.3584146452550763,8.804893444502229,0.8663412903300549,28.333333333333336
outputs/distill_experiments/20260530_143430_code_ws_kd100,code,code_ws_kd100,42,9,256,0.1,1.5061000061967125,86.80777486474926,0.34042264652842846,1.3554900055770414,8.680777486474927,0.8649408251971666,28.333333333333336
outputs/distill_experiments/20260530_143430_code_ws_kd100,code,code_ws_kd100,42,10,256,0.1,1.5048028153212971,86.32722135682118,0.33853812296792624,1.3543225337891673,8.632722135682119,0.8643920620552441,28.333333333333336
outputs/distill_experiments/20260530_143434_code_ws_kd40,code,code_ws_kd40,42,1,256,0.04,1.5269461735298975,228.58216961572217,0.8964006651596947,1.4658683265887016,9.143286784628886,0.8618298713496265,10.625000000000002
outputs/distill_experiments/20260530_143434_code_ws_kd40,code,code_ws_kd40,42,2,256,0.04,1.5604292087015463,152.5286453999479,0.5981515505880309,1.4980120403534845,6.101145815997916,0.8028713090751969,10.625000000000002
outputs/distill_experiments/20260530_143434_code_ws_kd40,code,code_ws_kd40,42,3,256,0.04,1.5469211675037604,127.06327896501902,0.49828736849027067,1.48504432080361,5.082531158600761,0.7738824128537778,10.625000000000002
outputs/distill_experiments/20260530_143434_code_ws_kd40,code,code_ws_kd40,42,4,256,0.04,1.5307290006939482,111.91528962312881,0.4388834887181522,1.4694998406661903,4.476611584925153,0.7528637229464552,10.625000000000002
outputs/distill_experiments/20260530_143434_code_ws_kd40,code,code_ws_kd40,42,5,256,0.04,1.5169431512366374,102.22025936989947,0.4008637622348999,1.4562654251871718,4.088810374795979,0.7373768226591967,10.625000000000002
outputs/distill_experiments/20260530_143434_code_ws_kd40,code,code_ws_kd40,42,6,256,0.04,1.5061538285899838,95.9359821051401,0.37621953766721605,1.4459076754463844,3.837439284205604,0.7263273287769036,10.625000000000002
outputs/distill_experiments/20260530_143434_code_ws_kd40,code,code_ws_kd40,42,7,256,0.04,1.4979696089764565,91.90432940536733,0.36040913492300913,1.4380508246173982,3.6761731762146934,0.7188134848251806,10.625000000000002
outputs/distill_experiments/20260530_143434_code_ws_kd40,code,code_ws_kd40,42,8,256,0.04,1.4924036347267289,89.41737384278797,0.3506563680109332,1.4327074893376597,3.576694953711519,0.7139963287785712,10.625000000000002
outputs/distill_experiments/20260530_143434_code_ws_kd40,code,code_ws_kd40,42,9,256,0.04,1.4888489448915507,88.15911719764051,0.3457220282260412,1.4292949870958886,3.5263646879056205,0.7115833045788291,10.625000000000002
outputs/distill_experiments/20260530_143434_code_ws_kd40,code,code_ws_kd40,42,10,256,0.04,1.4872931346000549,87.67382183834106,0.34381890916996494,1.4278014092160527,3.5069528735336424,0.7106641329220413,10.625000000000002
outputs/distill_experiments/20260530_143435_code_ws_kd30,code,code_ws_kd30,42,1,256,0.03,1.5189578813201228,229.58474808578578,0.9003323454344541,1.473389144880519,6.887542442573573,0.8237769165470272,7.88659793814433
outputs/distill_experiments/20260530_143435_code_ws_kd30,code,code_ws_kd30,42,2,256,0.03,1.551462048990452,153.75879975952756,0.6029756853314806,1.5049181875207385,4.612763992785827,0.7540051700682946,7.88659793814433
outputs/distill_experiments/20260530_143435_code_ws_kd30,code,code_ws_kd30,42,3,256,0.03,1.5383950270042797,128.28093134850124,0.5030624758764755,1.4922431761941513,3.848427940455037,0.7205888279579354,7.88659793814433
outputs/distill_experiments/20260530_143435_code_ws_kd30,code,code_ws_kd30,42,4,256,0.03,1.522547467044415,113.08547108993798,0.4434724356468156,1.4768710430330825,3.3925641326981393,0.6967058827698005,7.88659793814433
outputs/distill_experiments/20260530_143435_code_ws_kd30,code,code_ws_kd30,42,5,256,0.03,1.5088806108647457,103.31876132131288,0.4051716130247564,1.4636141925388033,3.099562839639386,0.6792554436924484,7.88659793814433
outputs/distill_experiments/20260530_143435_code_ws_kd30,code,code_ws_kd30,42,6,256,0.03,1.4980820303536455,96.97569251965623,0.3802968334104166,1.453139569443036,2.909270775589687,0.6668952586962252,7.88659793814433
outputs/distill_experiments/20260530_143435_code_ws_kd30,code,code_ws_kd30,42,7,256,0.03,1.4897958756681398,92.90800187954666,0.3643451054099869,1.4451019993980956,2.7872400563863997,0.6585573707533817,7.88659793814433
outputs/distill_experiments/20260530_143435_code_ws_kd30,code,code_ws_kd30,42,8,256,0.03,1.484098240410421,90.40125689832118,0.35451473293459285,1.4395752931981083,2.7120377069496353,0.6532491604716341,7.88659793814433
outputs/distill_experiments/20260530_143435_code_ws_kd30,code,code_ws_kd30,42,9,256,0.03,1.4803927950952047,89.1328524442373,0.3495405978205384,1.4359810112423486,2.6739855733271187,0.6506100520053808,7.88659793814433
outputs/distill_experiments/20260530_143435_code_ws_kd30,code,code_ws_kd30,42,10,256,0.03,1.4787262630069489,88.64451481055683,0.34762554827669345,1.4343644751167404,2.6593354443167048,0.6496166051870134,7.88659793814433
outputs/distill_experiments/20260601_024657_ptb_r32_warmstart_kd002,ptb,ptb_r32_warmstart_kd002,42,1,256,0.02,4.182476309780388,82.00076422849253,0.3215716244254609,4.09882678358478,1.6400152845698506,0.28577459792288906,5.204081632653062
outputs/distill_experiments/20260601_024657_ptb_r32_warmstart_kd002,ptb,ptb_r32_warmstart_kd002,42,2,256,0.02,4.146090569381215,60.06128561918358,0.23553445340856305,4.063168757993591,1.2012257123836716,0.22817927477565872,5.204081632653062
outputs/distill_experiments/20260601_024657_ptb_r32_warmstart_kd002,ptb,ptb_r32_warmstart_kd002,42,3,256,0.02,4.10703274590874,52.12763954965239,0.20442211588098977,4.024892090990566,1.0425527909930479,0.20573539826741014,5.204081632653062
outputs/distill_experiments/20260601_024657_ptb_r32_warmstart_kd002,ptb,ptb_r32_warmstart_kd002,42,4,256,0.02,4.072877104525685,46.938198846695414,0.18407136802625654,3.9914195624351714,0.9387639769339083,0.19041156773121734,5.204081632653062
outputs/distill_experiments/20260601_024657_ptb_r32_warmstart_kd002,ptb,ptb_r32_warmstart_kd002,42,5,256,0.02,4.0450625886893485,43.45207564974186,0.17040029666565434,3.9641613369155615,0.8690415129948371,0.17980654650382571,5.204081632653062
outputs/distill_experiments/20260601_024657_ptb_r32_warmstart_kd002,ptb,ptb_r32_warmstart_kd002,42,6,256,0.02,4.02378244769549,41.0682779352094,0.16105207033415453,3.94330679874158,0.821365558704188,0.17238657710023597,5.204081632653062
outputs/distill_experiments/20260601_024657_ptb_r32_warmstart_kd002,ptb,ptb_r32_warmstart_kd002,42,7,256,0.02,4.008486686082648,39.569800350896465,0.15517568765057438,3.928316952360995,0.7913960070179293,0.16767884272395892,5.204081632653062
outputs/distill_experiments/20260601_024657_ptb_r32_warmstart_kd002,ptb,ptb_r32_warmstart_kd002,42,8,256,0.02,3.998151845023234,38.65102130213577,0.15157263255739517,3.9181888081227694,0.7730204260427154,0.16478063276583468,5.204081632653062
outputs/distill_experiments/20260601_024657_ptb_r32_warmstart_kd002,ptb,ptb_r32_warmstart_kd002,42,9,256,0.02,3.9930421939758762,38.24371677939219,0.14997535991918504,3.913181350096359,0.7648743355878438,0.16350261454315607,5.204081632653062
outputs/distill_experiments/20260601_024657_ptb_r32_warmstart_kd002,ptb,ptb_r32_warmstart_kd002,42,10,256,0.02,3.990491267017589,38.08207742940684,0.14934148011532092,3.9106814416772373,0.7616415485881367,0.1630113222427026,5.204081632653062
outputs/distill_experiments/20260916_034049_h0_ptb_smoke_token_l0_seed42,ptb,h0_ptb_smoke_token_l0_seed42,42,1,256,0.0,3.511045798172578,0.3990782614386976,0.001565012789955677,3.511045798172578,0.0,0.0,0.0
outputs/distill_experiments/20260916_034049_h0_ptb_smoke_token_l2p5_seed42,ptb,h0_ptb_smoke_token_l2p5_seed42,42,1,256,0.0,3.557089093032789,0.27936853221687924,0.0010955628714387421,3.557089093032789,0.0,0.0,0.0
outputs/distill_experiments/20260916_034049_h0_ptb_smoke_token_l5_seed42,ptb,h0_ptb_smoke_token_l5_seed42,42,1,256,0.0,3.5910714881112376,0.2587812278930817,0.0010148283446787519,3.5910714881112376,0.0,0.0,0.0
outputs/distill_experiments/20260916_034613_h0_ptb_smoke_legacy_a002_seed42,ptb,h0_ptb_smoke_legacy_a002_seed42,42,1,256,0.02,3.593153833456742,65.75302195522156,0.25785498805969237,3.521290756787607,1.3150604391044312,0.2719116924803629,5.204081632653062
outputs/distill_experiments/20260916_034739_h0_ptb_smoke_token_l10_seed42,ptb,h0_ptb_smoke_token_l10_seed42,42,1,256,0.0,3.6291009338354843,0.24296130798547272,0.0009527894430802851,3.6291009338354843,0.0,0.0,0.0
outputs/distill_experiments/20260916_034947_h0_ptb_diag_legacy_a002_seed42,ptb,h0_ptb_diag_legacy_a002_seed42,42,1,256,0.02,3.593153833456742,65.75302195522156,0.25785498805969237,3.521290756787607,1.3150604391044312,0.2719116924803629,5.204081632653062
outputs/distill_experiments/20260916_034947_h0_ptb_diag_token_l5_seed42,ptb,h0_ptb_diag_token_l5_seed42,42,1,256,0.0,3.5910714881112376,0.2587812278930817,0.0010148283446787519,3.5910714881112376,0.0,0.0,0.0
